siteID,month,yr,Criteria1,Criteria2,Criteria3,Ca,Mg,K,Na,NH4,NO3,Cl,SO4,Br,pH,conduc,svol,ppt,fullChemLab,daysSample,startDate,lastDate
VA24,1,1999,20,20,100,0.041,0.072,0.027,0.6,0.08,0.54,1.07,0.79,-9,4.8,12.3,1023.7,1.448,1,35,1999/1/26 0:00,1999/2/2 0:00
VA24,2,1999,100,100,100,0.164,0.031,0.041,0.18,0.417,2.278,0.324,2.734,-9,4.262,32.451,2252.1,3.251,4,28,1999/2/2 0:00,1999/3/2 0:00
VA24,3,1999,100,100,100,0.165,0.026,0.022,0.127,0.221,1.19,0.249,1.657,-9,4.487,18.689,5954.5,8.052,4,28,1999/3/2 0:00,1999/3/30 0:00
VA24,4,1999,67,100,71,0.07,0.038,0.022,0.268,0.12,0.55,0.44,0.81,-9,4.88,10.1,1399.4,2.692,1,21,1999/3/30 0:00,1999/4/20 0:00
VA24,5,1999,80,100,99,0.077,0.024,0.019,0.12,0.167,1.288,0.228,1.434,-9,4.473,18.953,6375.8,10.135,3,35,1999/4/27 0:00,1999/6/1 0:00
VA24,6,1999,100,100,100,0.13,0.037,0.038,0.196,0.352,2.773,0.429,3.616,-9,4.118,45.038,1041.8,1.549,3,28,1999/6/1 0:00,1999/6/29 0:00
VA24,7,1999,80,100,94,0.078,0.012,0.036,0.04,0.226,1.46,0.137,2.703,-9,4.228,32.174,9268.9,14.281,4,35,1999/6/29 0:00,1999/8/3 0:00
VA24,8,1999,100,100,100,0.107,0.015,0.028,0.05,0.503,2.335,0.155,4.057,-9,4.1,45.405,4161.2,6.007,4,28,1999/8/3 0:00,1999/8/31 0:00
VA24,9,1999,100,100,100,0.022,0.012,0.111,0.096,0.119,0.684,0.296,1.21,-9,4.591,15.202,17379.5,25.4,4,28,1999/8/31 0:00,1999/9/28 0:00
VA24,10,1999,60,100,62,0.047,0.013,0.114,0.099,0.134,0.672,0.286,1.096,-9,4.663,13.518,3271.2,7.933,3,35,1999/9/28 0:00,1999/11/2 0:00
VA24,11,1999,75,100,99,0.11,0.027,0.056,0.205,0.124,0.727,0.38,0.575,-9,5.017,8.442,3737.9,5.613,3,28,1999/11/2 0:00,1999/11/30 0:00
VA24,12,1999,100,100,100,0.049,0.017,0.061,0.134,0.18,0.971,0.282,1.244,-9,4.58,15.932,3538.4,5.131,4,28,1999/11/30 0:00,1999/12/28 0:00
VA24,1,2000,57,100,69,0.025,0.006,0.116,0.036,0.069,0.478,0.197,1.188,-9,4.565,14.257,5718.8,12.116,2,35,1999/12/28 0:00,2000/2/1 0:00
VA24,2,2000,75,75,100,0.067,0.016,0.015,0.11,0.191,1.147,0.212,1.511,-9,4.483,17.945,2615,3.862,3,28,2000/2/1 0:00,2000/2/29 0:00
VA24,3,2000,100,100,100,0.055,0.035,0.026,0.286,0.223,1.015,0.499,1.669,-9,4.496,19.305,5858.7,8.28,3,28,2000/2/29 0:00,2000/3/28 0:00
VA24,4,2000,100,100,100,0.102,0.019,0.058,0.061,0.313,1.592,0.149,2.06,-9,4.369,24.176,10877.6,16.044,5,35,2000/3/28 0:00,2000/5/2 0:00
VA24,5,2000,100,100,100,0.094,0.021,0.163,0.081,0.381,1.621,0.264,2.264,-9,4.359,25.805,4947.2,7.442,2,28,2000/5/2 0:00,2000/5/30 0:00
VA24,6,2000,75,100,9,0.029,0.004,0.009,0.023,0.12,0.797,0.049,0.848,-9,4.67,11.6,808.9,14.58,1,28,2000/5/30 0:00,2000/6/27 0:00
VA24,8,2000,50,100,57,0.093,0.011,0.067,0.028,0.382,1.816,0.176,2.956,-9,4.186,33.81,2105.2,5.664,2,28,2000/8/1 0:00,2000/8/29 0:00
VA24,9,2000,60,100,28,0.029,0.007,0.206,0.059,0.16,0.851,0.319,1.267,-9,4.55,16,1678.1,9.931,1,35,2000/8/29 0:00,2000/10/3 0:00
VA24,11,2000,75,100,99,0.039,0.01,0.022,0.077,0.178,0.953,0.167,1.411,-9,4.498,17.002,3232,5.461,3,28,2000/10/31 0:00,2000/11/28 0:00
VA24,12,2000,80,100,96,0.029,0.018,0.01,0.178,0.067,0.801,0.31,0.982,-9,4.562,14.983,3495.1,5.385,2,35,2000/11/28 0:00,2001/1/2 0:00
VA24,1,2001,75,100,95,0.038,0.012,0.119,0.096,0.181,1.378,0.303,1.85,-9,4.33,25.111,3673.4,5.72,3,28,2001/1/2 0:00,2001/1/30 0:00
VA24,2,2001,100,100,100,0.067,0.03,0.312,0.218,0.186,1.416,0.675,1.478,-9,4.437,22.258,3945.8,5.979,4,28,2001/1/30 0:00,2001/2/27 0:00
VA24,3,2001,100,100,100,0.033,0.015,0.083,0.119,0.117,0.839,0.27,1.072,-9,4.596,14.885,11779.8,17.424,5,35,2001/2/27 0:00,2001/4/3 0:00
VA24,4,2001,75,100,93,0.236,0.051,0.112,0.188,0.412,2.345,0.306,3.202,-9,4.247,34.204,1435.3,2.184,3,28,2001/4/3 0:00,2001/5/1 0:00
VA24,5,2001,100,100,100,0.186,0.022,0.265,0.065,0.702,1.721,0.386,2.457,-9,4.502,23.781,5051.8,7.524,2,28,2001/5/1 0:00,2001/5/29 0:00
VA24,6,2001,100,100,100,0.048,0.011,0.144,0.063,0.194,1.176,0.27,1.848,-9,4.377,22.976,10001.5,14.91,5,35,2001/5/29 0:00,2001/7/3 0:00
VA24,7,2001,75,100,92,0.068,0.011,0.086,0.061,0.189,1.067,0.193,1.341,-9,4.505,17.313,6177.2,10.008,2,28,2001/7/3 0:00,2001/7/31 0:00
VA24,8,2001,75,100,99,0.064,0.008,0.082,0.013,0.272,1.542,0.15,2.395,-9,4.265,29.384,6527,9.83,2,28,2001/7/31 0:00,2001/8/28 0:00
VA24,9,2001,100,100,100,0.043,0.016,0.035,0.122,0.194,1.113,0.281,1.334,-9,4.499,17.63,1925.3,2.921,3,35,2001/8/28 0:00,2001/10/2 0:00
VA24,10,2001,100,100,100,0.072,0.036,0.046,0.296,0.225,0.682,0.602,1.074,-9,4.77,12.944,1033.7,1.626,2,28,2001/10/2 0:00,2001/10/30 0:00
VA24,11,2001,100,100,100,0.05,0.048,0.226,0.427,0.32,0.94,0.98,1.31,-9,4.68,17.6,942.5,1.41,1,28,2001/10/30 0:00,2001/11/27 0:00
VA24,12,2001,60,100,19,0.03,0.021,0.01,0.277,0.13,0.72,0.46,0.98,-9,4.71,14.7,671.4,5.169,1,35,2001/11/27 0:00,2002/1/1 0:00
VA24,1,2002,100,100,100,0.029,0.004,0.071,0.027,0.04,0.548,0.13,0.882,-9,4.668,11.761,5435.4,8.006,4,28,2002/1/1 0:00,2002/1/29 0:00
VA24,2,2002,100,100,100,0.02,0.008,0.082,0.021,0.01,0.38,0.12,0.43,-9,4.94,7.3,1838.8,2.693,1,28,2002/1/29 0:00,2002/2/26 0:00
VA24,3,2002,60,100,93,0.055,0.02,0.026,0.185,0.217,0.973,0.31,1.414,-9,4.591,16.74,6006.1,9.595,3,35,2002/2/26 0:00,2002/4/2 0:00
VA24,4,2002,50,100,73,0.157,0.042,0.07,0.218,0.469,1.149,0.378,2.167,-9,4.599,19.472,2500.1,5.105,2,28,2002/4/2 0:00,2002/4/30 0:00
VA24,5,2002,100,100,100,0.175,0.028,0.036,0.11,0.332,1.306,0.192,1.873,-9,4.561,19.11,4049.4,7.332,3,28,2002/4/30 0:00,2002/5/28 0:00
VA24,6,2002,80,100,98,0.052,0.011,0.018,0.037,0.407,1.608,0.171,3.348,-9,4.19,36.589,4523.3,6.731,2,35,2002/5/28 0:00,2002/7/2 0:00
VA24,7,2002,100,100,100,0.048,0.012,0.004,0.055,0.115,0.631,0.106,0.99,-9,4.71,11.977,5694.9,8.395,3,28,2002/7/2 0:00,2002/7/30 0:00
VA24,8,2002,80,100,99,0.012,0.005,0.006,0.025,0.144,1.001,0.076,1.348,-9,4.487,17.574,7796.4,12.243,3,35,2002/7/30 0:00,2002/9/3 0:00
VA24,9,2002,100,100,100,0.018,0.028,0.014,0.221,0.187,0.678,0.391,1.02,-9,4.764,11.844,3656.2,6.401,3,28,2002/9/3 0:00,2002/10/1 0:00
VA24,10,2002,100,100,100,0.021,0.014,0.575,0.139,0.136,0.779,0.774,1.162,-9,4.571,16.952,12929,19.507,3,28,2002/10/1 0:00,2002/10/29 0:00
VA24,11,2002,100,100,100,0.02,0.006,0.005,0.051,0.118,0.826,0.127,1.148,-9,4.56,15.084,8910.2,13.513,3,35,2002/10/29 0:00,2002/12/3 0:00
VA24,12,2002,100,100,100,0.062,0.006,0.011,0.03,0.068,0.579,0.078,1.007,-9,4.676,11.834,8204.8,12.776,4,28,2002/12/3 0:00,2002/12/31 0:00
VA24,1,2003,100,100,100,0.051,0.053,0.018,0.446,0.091,0.83,0.848,0.639,-9,4.79,12.171,2433.3,3.607,3,28,2002/12/31 0:00,2003/1/28 0:00
VA24,2,2003,75,100,66,0.038,0.012,0.012,0.092,0.186,1.314,0.208,1.48,-9,4.429,20.544,5544.7,12.192,3,28,2003/1/28 0:00,2003/2/25 0:00
VA24,3,2003,100,100,100,0.086,0.031,0.025,0.216,0.247,0.938,0.421,1.819,-9,4.511,19.95,11811.4,17.374,5,35,2003/2/25 0:00,2003/4/1 0:00
VA24,4,2003,75,100,58,0.033,0.016,0.015,0.137,0.12,0.584,0.248,0.769,-9,4.787,10.02,4879.4,12.344,3,28,2003/4/1 0:00,2003/4/29 0:00
VA24,5,2003,100,100,100,0.075,0.013,0.021,0.029,0.356,1.127,0.085,1.851,-9,4.483,19.059,16877.1,24.81,5,35,2003/4/29 0:00,2003/6/3 0:00
VA24,6,2003,75,100,94,0.064,0.013,0.022,0.066,0.253,1.172,0.174,2.396,-9,4.279,26.725,7023.6,11.405,3,28,2003/6/3 0:00,2003/7/1 0:00
VA24,7,2003,100,100,100,0.088,0.01,0.013,0.019,0.268,1.114,0.088,1.902,-9,4.413,21.007,7397.8,10.958,4,28,2003/7/1 0:00,2003/7/29 0:00
VA24,8,2003,77,100,99,0.026,0.004,0.008,0.018,0.196,0.968,0.081,1.328,-9,4.506,16.644,7276.3,10.668,4,35,2003/7/29 0:00,2003/9/2 0:00
VA24,9,2003,25,100,21,0.02,0.007,0.011,0.054,0.15,1.03,0.18,2.51,-9,4.27,28.8,4539.7,34.061,1,28,2003/9/2 0:00,2003/9/30 0:00
VA24,10,2003,100,100,100,0.073,0.028,0.029,0.173,0.256,1.348,0.362,1.988,-9,4.386,23.39,3532.8,5.232,3,28,2003/9/30 0:00,2003/10/28 0:00
VA24,11,2003,100,100,100,0.034,0.014,0.02,0.103,0.123,0.628,0.213,1.126,-9,4.599,13.728,8288,11.989,5,35,2003/10/28 0:00,2003/12/2 0:00
VA24,12,2003,100,100,100,0.029,0.017,0.009,0.146,0.09,0.665,0.299,0.963,-9,4.627,13.333,7728.6,10.897,4,28,2003/12/2 0:00,2003/12/30 0:00
VA24,1,2004,100,100,100,0.047,0.018,0.015,0.137,0.102,0.907,0.296,1.021,-9,4.559,15.935,4232.4,5.893,5,35,2003/12/30 0:00,2004/2/3 0:00
VA24,2,2004,100,100,100,0.059,0.041,0.016,0.37,0.119,1.118,0.642,1.058,-9,4.529,17.58,2606.3,3.656,3,28,2004/2/3 0:00,2004/3/2 0:00
VA24,3,2004,100,100,100,0.075,0.019,0.022,0.15,0.34,1.213,0.296,1.937,-9,4.446,22.302,3057.9,4.496,4,28,2004/3/2 0:00,2004/3/30 0:00
VA24,4,2004,75,100,76,0.079,0.026,0.019,0.199,0.383,1.799,0.369,2.451,-9,4.298,28.675,3503.7,6.883,3,28,2004/3/30 0:00,2004/4/27 0:00
VA24,5,2004,100,100,100,0.073,0.02,0.036,0.124,0.235,0.878,0.213,1.327,-9,4.597,15.155,9189.7,13.716,5,35,2004/4/27 0:00,2004/6/1 0:00
VA24,6,2004,25,100,29,0.11,0.015,0.028,0.04,0.33,1.28,0.1,2.05,-9,4.4,21.4,3964.9,16.891,1,28,2004/6/1 0:00,2004/6/29 0:00
VA24,7,2004,60,100,77,0.04,0.01,0.014,0.07,0.173,0.869,0.179,1.99,-9,4.317,22.5,10630.2,20.34,3,35,2004/6/29 0:00,2004/8/3 0:00
VA24,8,2004,100,100,100,0.042,0.008,0.007,0.055,0.108,0.641,0.101,1.207,-9,4.546,14.702,7505.2,11.055,4,28,2004/8/3 0:00,2004/8/31 0:00
VA24,9,2004,100,100,100,0.04,0.031,0.016,0.258,0.101,0.384,0.47,0.752,-9,4.83,9.636,7896.9,11.81,4,28,2004/8/31 0:00,2004/9/28 0:00
VA24,10,2004,100,100,100,0.045,0.009,0.01,0.056,0.29,1.205,0.134,2.034,-9,4.361,23.272,4074,6.024,4,35,2004/9/28 0:00,2004/11/2 0:00
VA24,11,2004,100,100,100,0.031,0.01,0.007,0.088,0.16,0.791,0.203,0.982,-9,4.631,13.303,8439.5,13.03,4,28,2004/11/2 0:00,2004/11/30 0:00
VA24,12,2004,100,100,100,0.035,0.018,0.015,0.15,0.15,0.82,0.306,1.299,-9,4.516,16.82,4583,6.985,3,28,2004/11/30 0:00,2004/12/28 0:00
VA24,1,2005,100,100,100,0.043,0.019,0.012,0.19,0.053,0.625,0.334,0.381,-9,4.933,8.34,4969.3,8.23,4,35,2004/12/28 0:00,2005/2/1 0:00
VA24,2,2005,100,100,100,0.057,0.015,0.012,0.071,0.215,1.53,0.151,1.501,-9,4.432,20.891,2796.1,4.648,4,28,2005/2/1 0:00,2005/3/1 0:00
VA24,3,2005,75,100,92,0.092,0.016,0.017,0.093,0.232,1.549,0.195,1.251,-9,4.482,19.006,5045.1,8.458,3,28,2005/3/1 0:00,2005/3/29 0:00
VA24,4,2005,60,100,77,0.109,0.017,0.02,0.078,0.218,1.191,0.148,1.581,-9,4.462,18.583,2300.1,4.674,3,35,2005/3/29 0:00,2005/5/3 0:00
VA24,5,2005,50,100,88,0.13,0.022,0.03,0.067,0.518,1.554,0.149,2.793,-9,4.338,27.411,4182.6,7.163,2,28,2005/5/3 0:00,2005/5/31 0:00
VA24,6,2005,50,100,67,0.03,0.004,0.01,0.02,0.12,0.43,0.049,1.06,-9,4.66,11.5,1231.1,4.47,1,28,2005/5/31 0:00,2005/6/28 0:00
VA24,7,2005,100,100,100,0.07,0.009,0.014,0.025,0.336,0.832,0.084,1.84,-9,4.507,18.322,9300.1,13.195,5,35,2005/6/28 0:00,2005/8/2 0:00
VA24,8,2005,100,100,100,0.076,0.011,0.009,0.047,0.162,0.879,0.102,1.595,-9,4.484,18.717,4680.6,6.894,4,28,2005/8/2 0:00,2005/8/30 0:00
VA24,9,2005,100,100,100,0.72,0.103,0.04,0.188,1.1,4.26,0.56,10.14,-9,3.83,91.7,78.6,0.131,1,28,2005/8/30 0:00,2005/9/27 0:00
VA24,10,2005,100,100,100,0.024,0.012,0.008,0.105,0.085,0.328,0.196,0.559,-9,4.923,7.109,9258.8,13.698,2,35,2005/9/27 0:00,2005/11/1 0:00
VA24,11,2005,50,100,80,0.03,0.01,0.01,0.074,0.12,0.58,0.123,0.83,-9,4.74,10.6,2437.6,5.944,1,28,2005/11/1 0:00,2005/11/29 0:00
VA24,12,2005,100,100,100,0.106,0.02,0.014,0.158,0.102,0.782,0.293,1.122,-9,4.626,14.718,8379.6,14.394,5,35,2005/11/29 0:00,2006/1/3 0:00
VA24,1,2006,75,100,96,0.071,0.016,0.015,0.107,0.175,1.21,0.242,1.493,-9,4.446,19.971,2498.2,3.623,3,28,2006/1/3 0:00,2006/1/31 0:00
VA24,3,2006,75,75,100,0.13,0.017,0.011,0.03,0.26,3.849,0.155,1.946,-9,4.123,39.491,601,0.889,2,28,2006/2/28 0:00,2006/3/28 0:00
VA24,4,2006,80,100,66,0.31,0.046,0.065,0.14,0.346,1.832,0.285,2.295,-9,4.433,24.434,2131.7,4.547,4,35,2006/3/28 0:00,2006/5/2 0:00
VA24,5,2006,100,100,100,0.096,0.019,0.02,0.056,0.301,1.016,0.155,2.159,-9,4.401,22.218,3123.7,4.623,3,28,2006/5/2 0:00,2006/5/30 0:00
VA24,6,2006,75,100,83,0.088,0.017,0.023,0.072,0.335,1.174,0.189,2.007,-9,4.403,22.291,3877.7,6.799,3,28,2006/5/30 0:00,2006/6/27 0:00
VA24,7,2006,100,100,100,0.051,0.008,0.014,0.025,0.267,0.883,0.087,2.35,-9,4.325,24.857,16264.3,21.999,5,35,2006/6/27 0:00,2006/8/1 0:00
VA24,8,2006,75,100,92,0.198,0.026,0.015,0.051,0.318,1.555,0.124,2.898,-9,4.243,29.829,1688.1,2.743,3,28,2006/8/1 0:00,2006/8/29 0:00
VA24,9,2006,100,100,100,0.037,0.009,0.01,0.055,0.112,0.534,0.117,1.269,-9,4.537,14.404,14840.1,22.276,5,35,2006/8/29 0:00,2006/10/3 0:00
VA24,10,2006,100,100,100,0.021,0.005,0.016,0.038,0.129,0.484,0.08,0.854,-9,4.755,9.326,12974.8,19.177,4,28,2006/10/3 0:00,2006/10/31 0:00
VA24,11,2006,75,100,100,0.028,0.008,0.006,0.074,0.051,0.338,0.136,0.47,-9,4.922,6.687,11576.7,17.12,3,28,2006/10/31 0:00,2006/11/28 0:00
VA24,12,2006,100,100,100,0.026,0.016,0.01,0.158,0.069,0.28,0.285,0.522,-9,4.986,6.777,8640,12.268,4,35,2006/11/28 0:00,2007/1/2 0:00
VA24,1,2007,60,100,91,0.027,0.008,0.009,0.071,0.132,0.63,0.156,0.993,-9,4.645,12.247,3031.1,4.47,2,35,2007/1/2 0:00,2007/2/6 0:00
VA24,2,2007,100,100,100,0.05,0.015,0.02,0.119,0.213,1.067,0.241,1.546,-9,4.475,18.441,2518.9,3.581,2,21,2007/2/6 0:00,2007/2/27 0:00
VA24,3,2007,100,100,100,0.07,0.017,0.022,0.102,0.299,1.16,0.186,1.446,-9,4.553,16.263,4727.7,6.985,3,35,2007/2/27 0:00,2007/4/3 0:00
VA24,4,2007,100,100,100,0.127,0.033,0.023,0.189,0.244,1.013,0.337,1.393,-9,4.61,14.812,5034.1,7.539,3,28,2007/4/3 0:00,2007/5/1 0:00
VA24,5,2007,75,100,79,0.107,0.027,0.024,0.101,0.546,1.954,0.244,3.018,-9,4.256,31.553,3596.6,6.721,2,28,2007/5/1 0:00,2007/5/29 0:00
VA24,6,2007,100,100,100,0.09,0.016,0.023,0.069,0.448,1.271,0.167,2.451,-9,4.341,24.502,5879.6,8.585,4,35,2007/5/29 0:00,2007/7/3 0:00
VA24,7,2007,100,100,100,0.108,0.018,0.026,0.045,0.387,1.286,0.128,2.278,-9,4.36,23.58,5385.4,7.874,4,28,2007/7/3 0:00,2007/7/31 0:00
VA24,8,2007,100,100,100,0.156,0.021,0.044,0.063,0.471,1.223,0.147,2.892,-9,4.324,26.812,4853.3,7.137,4,28,2007/7/31 0:00,2007/8/28 0:00
VA24,9,2007,80,100,81,0.052,0.012,0.007,0.068,0.106,0.542,0.115,0.667,-9,4.818,8.555,2058.3,3.683,2,35,2007/8/28 0:00,2007/10/2 0:00
VA24,10,2007,100,100,100,0.018,0.004,0.001,0.044,0.012,0.371,0.096,0.506,-9,4.791,7.8,8406.8,11.455,3,28,2007/10/2 0:00,2007/10/30 0:00
VA24,11,2007,100,100,100,0.167,0.029,0.08,0.088,0.431,1.841,0.173,1.968,-9,4.461,21.421,663.6,0.965,3,28,2007/10/30 0:00,2007/11/27 0:00
VA24,12,2007,62,100,31,0.058,0.021,0.018,0.155,0.243,1.367,0.335,1.446,-9,4.429,19.869,1617,7.899,3,34,2007/11/27 0:00,2007/12/31 0:00
VA24,1,2008,76,100,98,0.075,0.011,0.01,0.06,0.154,0.884,0.147,1.568,-9,4.495,17.909,1481.9,2.134,2,29,2007/12/31 0:00,2008/1/29 0:00
VA24,2,2008,100,100,100,0.109,0.062,0.031,0.556,0.218,1.081,0.968,1.551,-9,4.542,19.685,4365.4,5.969,3,28,2008/1/29 0:00,2008/2/26 0:00
VA24,3,2008,100,100,100,0.141,0.04,0.027,0.259,0.214,0.761,0.458,1.047,-9,4.885,10.769,8600.9,12.319,5,35,2008/2/26 0:00,2008/4/1 0:00
VA24,4,2008,100,100,100,0.079,0.024,0.036,0.151,0.203,0.82,0.264,1.144,-9,4.682,12.753,7688.4,11.43,4,28,2008/4/1 0:00,2008/4/29 0:00
VA24,5,2008,100,100,100,0.129,0.021,0.019,0.058,0.266,0.722,0.095,0.996,-9,4.89,8.842,8427.7,12.306,4,35,2008/4/29 0:00,2008/6/3 0:00
VA24,6,2008,100,100,100,0.088,0.013,0.027,0.032,0.464,1.098,0.095,1.737,-9,4.576,16.339,3591.4,5.309,4,28,2008/6/3 0:00,2008/7/1 0:00
VA24,7,2008,100,100,100,0.046,0.007,0.015,0.019,0.276,0.928,0.077,1.894,-9,4.429,19.552,5022.4,7.442,3,28,2008/7/1 0:00,2008/7/29 0:00
VA24,8,2008,60,100,94,0.04,0.014,0.011,0.112,0.097,0.822,0.205,1.044,-9,4.543,14.255,6824.3,11.024,3,35,2008/7/29 0:00,2008/9/2 0:00
VA24,9,2008,100,100,100,0.029,0.021,0.01,0.203,0.036,0.289,0.37,0.553,-9,4.877,7.682,10506.9,15.697,3,28,2008/9/2 0:00,2008/9/30 0:00
VA24,10,2008,100,100,100,0.142,0.021,0.019,0.096,0.325,1.653,0.177,2.479,-9,4.334,26.246,1633.6,2.515,2,28,2008/9/30 0:00,2008/10/28 0:00
VA24,11,2008,100,100,100,0.036,0.019,0.012,0.159,0.139,0.6,0.289,0.916,-9,4.696,11.323,5442.5,7.932,5,35,2008/10/28 0:00,2008/12/2 0:00
VA24,12,2008,100,100,100,0.029,0.014,0.011,0.152,0.084,0.414,0.27,0.615,-9,4.853,8.154,8549.2,12.592,4,28,2008/12/2 0:00,2008/12/30 0:00
VA24,1,2009,100,100,100,0.064,0.012,0.018,0.078,0.325,1.303,0.166,1.658,-9,4.472,19.171,4052.2,5.969,4,35,2008/12/30 0:00,2009/2/3 0:00
VA24,2,2009,100,100,100,0.288,0.03,0.02,0.072,0.192,0.918,0.121,1.252,-9,4.9,10.7,532.1,0.784,1,21,2009/2/3 0:00,2009/2/24 0:00
VA24,3,2009,77,100,52,0.081,0.018,0.015,0.12,0.241,0.896,0.231,1.31,-9,4.642,14.661,4541.6,12.898,2,35,2009/2/24 0:00,2009/3/31 0:00
VA24,4,2009,25,100,25,0.149,0.032,0.029,0.22,0.308,0.776,0.332,1.134,-9,5.01,9.6,1439.4,8.481,1,28,2009/3/31 0:00,2009/4/28 0:00
VA24,5,2009,60,100,63,0.073,0.018,0.03,0.103,0.251,0.718,0.157,0.89,-9,4.936,8.936,5641.2,13.202,2,35,2009/4/28 0:00,2009/6/2 0:00
VA24,6,2009,100,100,100,0.041,0.013,0.012,0.081,0.246,0.767,0.15,1.206,-9,4.681,13.388,7254.1,10.871,3,28,2009/6/2 0:00,2009/6/30 0:00
VA24,7,2009,100,100,100,0.096,0.015,0.012,0.027,0.363,1.077,0.07,1.429,-9,4.609,14.851,6127,8.966,4,28,2009/6/30 0:00,2009/7/28 0:00
VA24,8,2009,80,100,96,0.038,0.006,0.006,0.025,0.121,0.629,0.046,0.669,-9,4.755,9.086,8519.7,12.878,4,35,2009/7/28 0:00,2009/9/1 0:00
VA24,9,2009,75,100,93,0.052,0.071,0.03,0.611,0.106,0.464,1.117,0.7,-9,4.912,11.624,5137.2,8.382,3,28,2009/9/1 0:00,2009/9/29 0:00
VA24,10,2009,100,100,100,0.025,0.009,0.008,0.094,0.084,0.382,0.179,0.561,-9,4.884,7.543,9426.5,14.3,4,35,2009/9/29 0:00,2009/11/3 0:00
VA24,11,2009,100,100,100,0.031,0.033,0.015,0.281,0.125,0.576,0.489,0.584,-9,4.901,9.11,12899.3,19.581,3,28,2009/11/3 0:00,2009/12/1 0:00
VA24,12,2009,100,100,100,0.021,0.01,0.006,0.109,0.058,0.338,0.2,0.404,-9,4.968,6.345,13341.3,21.133,4,28,2009/12/1 0:00,2009/12/29 0:00
VA24,1,2010,80,100,54,0.026,0.005,0.004,0.034,0.045,0.447,0.063,0.283,-9,5.015,5.585,3952.4,12.217,3,35,2009/12/29 0:00,2010/2/2 0:00
VA24,2,2010,100,100,100,0.025,0.003,0.006,0.027,0.161,0.789,0.062,0.885,-9,4.725,12.271,5703.6,9.017,4,28,2010/2/2 0:00,2010/3/2 0:00
VA24,3,2010,100,100,100,0.112,0.042,0.026,0.308,0.196,0.625,0.544,0.797,-9,4.982,9.733,10028.7,15.372,4,28,2010/3/2 0:00,2010/3/30 0:00
VA24,4,2010,50,100,57,0.174,0.028,0.029,0.039,0.46,1.342,0.08,1.558,-9,4.7,15.2,1300.3,3.378,1,28,2010/3/30 0:00,2010/4/27 0:00
VA24,5,2010,100,100,100,0.081,0.017,0.025,0.077,0.314,0.92,0.12,1.006,-9,4.806,11.04,7114.6,10.643,3,35,2010/4/27 0:00,2010/6/1 0:00
VA24,6,2010,100,100,100,0.056,0.01,0.017,0.035,0.18,0.812,0.06,0.749,-9,4.685,11.07,1600,2.235,4,28,2010/6/1 0:00,2010/6/29 0:00
VA24,7,2010,100,100,100,0.045,0.007,0.007,0.024,0.201,0.796,0.065,0.817,-9,4.711,10.841,4337.5,6.477,4,35,2010/6/29 0:00,2010/8/3 0:00
VA24,8,2010,100,100,100,0.07,0.009,0.009,0.03,0.227,0.916,0.067,1.109,-9,4.643,13.439,8640.8,14.326,4,28,2010/8/3 0:00,2010/8/31 0:00
VA24,9,2010,100,100,100,0.085,0.02,0.018,0.106,0.303,0.971,0.153,1.225,-9,4.7,13.084,3412.4,5.232,2,28,2010/8/31 0:00,2010/9/28 0:00
VA24,10,2010,100,100,100,0.049,0.008,0.013,0.053,0.11,0.386,0.088,0.426,-9,5.111,5.419,12447.4,18.72,4,35,2010/9/28 0:00,2010/11/2 0:00
VA24,11,2010,75,100,83,0.036,0.019,0.013,0.139,0.158,0.584,0.236,0.586,-9,4.969,7.9,2615.2,4.877,3,28,2010/11/2 0:00,2010/11/30 0:00
VA24,12,2010,100,100,100,0.027,0.008,0.009,0.054,0.096,0.747,0.118,0.355,-9,4.865,8.034,3129.8,5.537,4,28,2010/11/30 0:00,2010/12/28 0:00
VA24,1,2011,100,100,100,0.079,0.008,0.011,0.045,0.166,0.777,0.079,0.701,-9,4.823,9.501,2546.8,4.191,4,35,2010/12/28 0:00,2011/2/1 0:00
VA24,2,2011,100,100,100,0.157,0.032,0.035,0.202,0.281,1.005,0.307,0.914,-9,4.964,10.015,2805.3,4.521,3,28,2011/2/1 0:00,2011/3/1 0:00
VA24,3,2011,50,100,64,0.036,0.032,0.016,0.268,0.126,0.331,0.46,0.425,-9,5.205,6.226,3720.6,8.56,2,28,2011/3/1 0:00,2011/3/29 0:00
VA24,4,2011,60,100,47,0.166,0.033,0.054,0.155,0.365,1.115,0.225,1.136,-9,4.871,11.129,2084.2,7.087,3,35,2011/3/29 0:00,2011/5/3 0:00
VA24,5,2011,100,100,100,0.062,0.012,0.02,0.044,0.319,0.705,0.089,0.68,-9,5.075,7.064,7029.5,9.22,4,28,2011/5/3 0:00,2011/5/31 0:00
VA24,6,2011,75,100,84,0.279,0.033,0.039,0.033,0.711,1.896,0.108,1.864,-9,4.635,18.81,1067.2,1.93,3,28,2011/5/31 0:00,2011/6/28 0:00
VA24,7,2011,100,100,100,0.046,0.007,0.009,0.02,0.22,0.77,0.045,1.094,-9,4.64,13.017,11986.4,17.729,5,35,2011/6/28 0:00,2011/8/2 0:00
VA24,8,2011,100,100,100,0.077,0.018,0.013,0.075,0.218,0.752,0.128,0.879,-9,4.805,10.215,9363.1,14.224,4,28,2011/8/2 0:00,2011/8/30 0:00
VA24,9,2011,100,100,100,0.033,0.012,0.008,0.087,0.108,0.388,0.151,0.439,-9,4.976,6.21,14663.1,21.666,4,28,2011/8/30 0:00,2011/9/27 0:00
VA24,10,2011,100,100,100,0.029,0.013,0.009,0.083,0.132,0.432,0.158,0.427,-9,5.011,6.026,7550.8,11.354,4,35,2011/9/27 0:00,2011/11/1 0:00
VA24,11,2011,100,100,100,0.02,0.011,0.006,0.089,0.069,0.275,0.149,0.308,-9,5.137,4.897,7718.3,11.532,4,28,2011/11/1 0:00,2011/11/29 0:00
VA24,12,2011,100,100,100,0.041,0.02,0.015,0.155,0.103,0.397,0.285,0.516,-9,5.033,7.019,3893,5.812,4,35,2011/11/29 0:00,2012/1/3 0:00
VA24,1,2012,100,100,100,0.052,0.011,0.019,0.069,0.225,0.893,0.126,0.808,-9,4.84,10.51,2443.3,3.556,4,28,2012/1/3 0:00,2012/1/31 0:00
VA24,2,2012,100,100,100,0.087,0.017,0.022,0.098,0.259,0.868,0.117,0.762,-9,4.926,8.959,3648.7,5.766,4,28,2012/1/31 0:00,2012/2/28 0:00
VA24,3,2012,80,100,98,0.069,0.022,0.033,0.144,0.217,0.774,0.233,0.688,-9,4.935,8.58,6035.4,9.347,3,35,2012/2/28 0:00,2012/4/3 0:00
VA24,4,2012,100,100,100,0.13,0.021,0.02,0.066,0.542,1.17,0.119,0.948,-9,5.251,8.377,3665.9,6.172,2,28,2012/4/3 0:00,2012/5/1 0:00
VA24,5,2012,75,100,99,0.057,0.016,0.018,0.071,0.244,0.922,0.14,0.654,-9,4.867,8.552,3137.4,4.47,3,28,2012/5/1 0:00,2012/5/29 0:00
VA24,6,2012,80,100,94,0.158,0.027,0.027,0.06,0.321,1.144,0.108,1.118,-9,4.786,11.944,1575.9,2.438,3,35,2012/5/29 0:00,2012/7/3 0:00
VA24,7,2012,100,100,100,0.172,0.024,0.019,0.054,0.423,1.371,0.097,1.229,-9,4.764,12.814,3039.9,4.496,4,28,2012/7/3 0:00,2012/7/31 0:00
VA24,8,2012,100,100,100,0.026,0.006,0.007,0.022,0.108,0.531,0.046,0.311,-9,5.027,5.545,6990.5,10.566,4,28,2012/7/31 0:00,2012/8/28 0:00
VA24,9,2012,80,100,98,0.053,0.01,0.009,0.037,0.156,0.634,0.06,0.592,-9,4.851,7.77,7067.5,10.592,4,35,2012/8/28 0:00,2012/10/2 0:00
VA24,10,2012,100,100,100,0.059,0.013,0.01,0.072,0.217,0.669,0.127,0.682,-9,4.895,8.183,5584.4,8.56,4,28,2012/10/2 0:00,2012/10/30 0:00
VA24,11,2012,100,100,100,0.091,0.025,0.014,0.151,0.227,0.683,0.268,0.53,-9,5.22,6.669,801.5,1.397,4,28,2012/10/30 0:00,2012/11/27 0:00
VA24,12,2012,21,41,25,0.117,0.012,0.01,0.016,0.129,1.02,0.053,1.09,-9,4.65,13.8,118.9,0.914,1,34,2012/11/27 0:00,2012/12/31 0:00
VA24,1,2013,24,100,6,0.075,0.004,0.008,0.052,0.088,0.984,0.097,0.74,-9,4.6,12.6,595.4,17.399,1,29,2012/12/31 0:00,2013/1/29 0:00
VA24,2,2013,50,100,69,0.038,0.032,0.018,0.259,0.162,0.433,0.453,0.544,-9,5.043,7.74,3239.1,6.96,2,28,2013/1/29 0:00,2013/2/26 0:00
VA24,3,2013,40,100,22,0.094,0.012,0.012,0.02,0.179,0.651,0.037,0.53,-9,5.105,6.074,1886.8,12.761,2,35,2013/2/26 0:00,2013/4/2 0:00
VA24,4,2013,100,100,100,0.057,0.012,0.039,0.054,0.148,0.391,0.092,0.403,-9,5.327,4.667,5958.3,8.883,4,28,2013/4/2 0:00,2013/4/30 0:00
VA24,5,2013,100,100,100,0.063,0.023,0.019,0.146,0.331,0.701,0.247,0.675,-9,5.178,7.371,8632.8,12.802,5,35,2013/4/30 0:00,2013/6/4 0:00
VA24,6,2013,100,100,100,0.033,0.007,0.011,0.029,0.132,0.504,0.057,0.421,-9,5.002,6.132,12679.4,18.898,4,28,2013/6/4 0:00,2013/7/2 0:00
VA24,7,2013,100,100,100,0.034,0.011,0.01,0.07,0.11,0.594,0.129,0.452,-9,4.916,7.439,6550.7,9.601,4,28,2013/7/2 0:00,2013/7/30 0:00
VA24,8,2013,80,100,96,0.055,0.006,0.012,0.023,0.279,0.7,0.048,0.727,-9,4.922,8.227,5545.6,8.966,4,35,2013/7/30 0:00,2013/9/3 0:00
VA24,9,2013,100,100,100,0.014,0.004,0.011,0.029,0.114,0.381,0.038,0.37,-9,5.16,5.3,757,1.143,1,28,2013/9/3 0:00,2013/10/1 0:00
VA24,10,2013,75,100,97,0.016,0.011,0.009,0.079,0.062,0.417,0.134,0.183,-9,5.162,4.335,3629,6.96,3,28,2013/10/1 0:00,2013/10/29 0:00
VA24,11,2013,100,100,100,0.024,0.019,0.012,0.118,0.107,0.404,0.222,0.338,-9,5.066,6.215,4230.8,6.502,4,35,2013/10/29 0:00,2013/12/3 0:00
VA24,12,2013,100,100,100,0.03,0.013,0.011,0.098,0.139,0.473,0.183,0.547,-9,5.001,7.403,10744.4,16.459,4,28,2013/12/3 0:00,2013/12/31 0:00
VA24,1,2014,75,100,94,0.028,0.033,0.015,0.268,0.119,0.528,0.503,0.509,-9,4.903,9.348,4811.5,7.899,3,28,2013/12/31 0:00,2014/1/28 0:00
VA24,2,2014,100,100,100,0.03,0.014,0.012,0.117,0.156,0.545,0.205,0.56,-9,4.893,8.927,7343.1,11.862,4,28,2014/1/28 0:00,2014/2/25 0:00
VA24,3,2014,80,100,79,0.104,0.013,0.02,0.046,0.349,1.041,0.078,0.84,-9,4.807,11.504,3059.4,7.214,4,35,2014/2/25 0:00,2014/4/1 0:00
VA24,4,2014,100,100,100,0.049,0.013,0.024,0.085,0.25,0.428,0.148,0.543,-9,5.189,5.776,8560,12.751,4,28,2014/4/1 0:00,2014/4/29 0:00
VA24,5,2014,60,100,58,0.022,0.009,0.008,0.055,0.118,0.192,0.084,0.201,-9,5.444,2.967,8348.6,21.209,2,35,2014/4/29 0:00,2014/6/3 0:00
VA24,6,2014,100,100,100,0.093,0.015,0.019,0.037,0.318,0.951,0.076,0.598,-9,5.035,7.739,3241.8,4.547,4,28,2014/6/3 0:00,2014/7/1 0:00
VA24,7,2014,100,100,100,0.06,0.008,0.015,0.012,0.191,0.807,0.046,0.619,-9,4.829,9.076,4903.1,7.315,3,28,2014/7/1 0:00,2014/7/29 0:00
VA24,8,2014,100,100,100,0.05,0.015,0.011,0.082,0.17,0.692,0.153,0.498,-9,4.896,7.758,3274.7,5.207,4,35,2014/7/29 0:00,2014/9/2 0:00
VA24,9,2014,100,100,100,0.02,0.008,0.007,0.058,0.068,0.335,0.101,0.256,-9,5.123,4.631,7654.8,11.786,3,28,2014/9/2 0:00,2014/9/30 0:00
VA24,10,2014,79,100,99,0.043,0.015,0.009,0.104,0.145,0.561,0.175,0.503,-9,5.016,6.888,6712.1,10.389,3,34,2014/9/30 0:00,2014/11/3 0:00
VA24,11,2014,100,100,100,0.034,0.008,0.01,0.058,0.115,0.347,0.103,0.387,-9,5.007,5.869,4263.8,6.502,4,29,2014/11/3 0:00,2014/12/2 0:00
VA24,12,2014,100,100,100,0.032,0.008,0.008,0.048,0.106,0.502,0.094,0.432,-9,4.944,6.683,4571.1,7.544,4,28,2014/12/2 0:00,2014/12/30 0:00
VA24,1,2015,100,100,100,0.022,0.013,0.008,0.105,0.125,0.585,0.203,0.435,-9,4.95,7.452,3432.7,6.96,5,35,2014/12/30 0:00,2015/2/3 0:00
VA24,2,2015,100,100,100,0.052,0.01,0.009,0.062,0.151,0.599,0.104,0.408,-9,4.944,7.514,5041.8,8.357,4,28,2015/2/3 0:00,2015/3/3 0:00
VA24,3,2015,100,100,100,0.038,0.03,0.017,0.223,0.164,0.547,0.397,0.548,-9,5.027,7.896,5769.2,9.22,4,28,2015/3/3 0:00,2015/3/31 0:00
VA24,4,2015,100,100,100,0.08,0.031,0.087,0.145,0.189,0.692,0.257,0.469,-9,5.215,6.358,5980,9.195,4,28,2015/3/31 0:00,2015/4/28 0:00
VA24,5,2015,100,100,100,0.092,0.027,0.035,0.126,0.488,0.998,0.228,0.871,-9,5.123,9.438,3172.5,4.775,5,35,2015/4/28 0:00,2015/6/2 0:00
VA24,6,2015,100,100,100,0.058,0.01,0.016,0.036,0.169,0.609,0.063,0.335,-9,5.087,5.938,8219.1,12.725,4,28,2015/6/2 0:00,2015/6/30 0:00
VA24,7,2015,100,100,100,0.062,0.01,0.021,0.032,0.195,0.731,0.065,0.557,-9,4.878,8.398,4968.2,7.366,4,35,2015/6/30 0:00,2015/8/4 0:00
VA24,8,2015,50,100,94,0.124,0.023,0.027,0.083,0.409,1.164,0.136,0.747,-9,4.989,9.562,2490.7,4.089,2,28,2015/8/4 0:00,2015/9/1 0:00
VA24,9,2015,75,100,63,0.05,0.015,0.015,0.084,0.319,0.82,0.153,0.683,-9,4.906,9.008,6918.3,16.485,3,28,2015/9/1 0:00,2015/9/29 0:00
VA24,10,2015,80,100,74,0.006,0.016,0.006,0.132,0.041,0.184,0.238,0.178,-9,5.222,4.024,6920,15.545,2,35,2015/9/29 0:00,2015/11/3 0:00
VA24,11,2015,100,100,100,0.013,0.026,0.012,0.221,0.056,0.221,0.383,0.167,-9,5.236,4.909,7882.3,11.825,3,28,2015/11/3 0:00,2015/12/1 0:00
VA24,12,2015,88,88,100,0.014,0.014,0.009,0.119,0.092,0.25,0.208,0.247,-9,5.274,4.084,12080.2,18.999,3,32,2015/12/1 0:00,2015/12/29 0:00
VA24,1,2016,100,100,100,0.024,0.007,0.007,0.053,0.08,0.549,0.093,0.183,-9,4.997,5.638,5464.5,9.179,5,35,2015/12/29 0:00,2016/2/2 0:00
VA24,2,2016,100,100,100,0.041,0.027,0.015,0.219,0.138,0.385,0.414,0.38,-9,5.093,6.192,6932.6,10.744,4,28,2016/2/2 0:00,2016/3/1 0:00
VA24,3,2016,75,100,94,0.098,0.023,0.028,0.135,0.489,1.188,0.193,0.669,-9,5.246,8.236,2426.5,3.988,3,28,2016/3/1 0:00,2016/3/29 0:00
VA24,4,2016,100,100,100,0.07,0.02,0.047,0.115,0.223,0.599,0.191,0.418,-9,5.316,5.718,7185.3,10.767,5,35,2016/3/29 0:00,2016/5/3 0:00
VA24,5,2016,100,100,100,0.046,0.014,0.012,0.076,0.222,0.702,0.138,0.366,-9,5.109,6.012,8905.6,13.513,4,28,2016/5/3 0:00,2016/5/31 0:00
VA24,6,2016,100,100,100,0.078,0.011,0.024,0.03,0.275,0.965,0.063,0.438,-9,4.977,7.269,4580.9,6.985,3,28,2016/5/31 0:00,2016/6/28 0:00
VA24,7,2016,100,100,100,0.044,0.006,0.008,0.013,0.177,0.786,0.034,0.463,-9,4.836,8.485,7689,15.392,4,35,2016/6/28 0:00,2016/8/2 0:00
VA24,8,2016,100,100,100,0.063,0.018,0.017,0.082,0.265,1.009,0.142,0.76,-9,4.789,10.905,3377.1,4.928,2,28,2016/8/2 0:00,2016/8/30 0:00
VA24,9,2016,100,100,100,0.009,0.006,0.004,0.054,0.057,0.202,0.1,0.105,-9,5.34,2.986,8599.5,12.802,4,35,2016/8/30 0:00,2016/10/4 0:00
VA24,10,2016,100,100,100,0.012,0.025,0.01,0.202,0.029,0.132,0.39,0.134,-9,5.36,3.8,7046,10.693,1,28,2016/10/4 0:00,2016/11/1 0:00
VA24,11,2016,100,100,100,0.126,0.021,0.012,0.044,0.234,0.636,0.056,0.413,-9,5.095,6.571,892.9,1.422,2,28,2016/11/1 0:00,2016/11/29 0:00
VA24,12,2016,100,100,100,0.027,0.025,0.015,0.204,0.101,0.402,0.394,0.33,-9,4.982,6.763,6917.8,10.167,4,35,2016/11/29 0:00,2017/1/3 0:00
VA24,1,2017,100,100,100,0.046,0.008,0.007,0.057,0.094,0.412,0.096,0.215,-9,5.079,4.767,5707.5,8.841,4,28,2017/1/3 0:00,2017/1/31 0:00
VA24,2,2017,100,100,100,0.066,0.031,0.021,0.225,0.201,0.58,0.41,0.388,-9,5.186,6.501,1248.1,1.877,3,28,2017/1/31 0:00,2017/2/28 0:00
VA24,3,2017,80,100,88,0.114,0.033,0.041,0.204,0.406,0.775,0.358,0.591,-9,5.259,7.76,4642.4,8.026,4,35,2017/2/28 0:00,2017/4/4 0:00
VA24,4,2017,75,100,99,0.067,0.027,0.029,0.173,0.171,0.499,0.305,0.368,-9,5.218,5.751,5270,8.433,3,28,2017/4/4 0:00,2017/5/2 0:00
VA24,5,2017,100,100,100,0.068,0.024,0.021,0.152,0.205,0.6,0.268,0.365,-9,5.21,5.756,11550.4,17.577,4,28,2017/5/2 0:00,2017/5/30 0:00
VA24,6,2017,100,100,100,0.042,0.01,0.021,0.05,0.185,0.67,0.068,0.396,-9,4.915,6.64,3612.3,5.258,3,35,2017/5/30 0:00,2017/7/4 0:00
VA24,7,2017,100,100,100,0.089,0.013,0.018,0.026,0.197,0.972,0.059,0.406,-9,4.897,8.109,1424.8,2.083,4,28,2017/7/4 0:00,2017/8/1 0:00
VA24,8,2017,100,100,100,0.015,0.005,0.006,0.034,0.081,0.28,0.063,0.161,-9,5.124,3.998,7420.9,10.742,4,28,2017/8/1 0:00,2017/8/29 0:00
VA24,9,2017,80,100,94,0.044,0.01,0.016,0.028,0.23,0.681,0.065,0.401,-9,4.936,7.246,2826.6,5.143,2,35,2017/8/29 0:00,2017/10/3 0:00
VA24,10,2017,100,100,100,0.029,0.013,0.011,0.091,0.107,0.27,0.171,0.25,-9,5.179,4.458,6190.2,9.093,4,28,2017/10/3 0:00,2017/10/31 0:00
VA24,11,2017,75,100,87,0.052,0.032,0.021,0.24,0.252,0.964,0.44,0.463,-9,4.84,10.416,1767.9,3.353,3,28,2017/10/31 0:00,2017/11/28 0:00
VA24,12,2017,80,100,86,0.048,0.008,0.007,0.034,0.213,0.585,0.057,0.342,-9,5.17,-9,1499,2.578,0,35,2017/11/28 0:00,2018/1/2 0:00
VA24,1,2018,100,100,100,0.022,0.016,0.012,0.134,0.111,0.624,0.234,0.178,-9,4.994,5.95,4568.1,7.976,3,28,2018/1/2 0:00,2018/1/30 0:00
VA24,2,2018,100,100,100,0.077,0.049,0.027,0.398,0.26,0.737,0.692,0.55,-9,5.072,9.072,4140.3,6.452,4,28,2018/1/30 0:00,2018/2/27 0:00
VA24,3,2018,100,100,100,0.049,0.012,0.013,0.078,0.188,0.56,0.14,0.244,-9,5.12,5.603,4505.4,7.417,5,35,2018/2/27 0:00,2018/4/3 0:00
VA24,4,2018,75,100,95,0.03,0.019,0.021,0.127,0.129,0.226,0.241,0.199,-9,5.407,3.932,8195.7,13.868,3,28,2018/4/3 0:00,2018/5/1 0:00
VA24,5,2018,100,100,100,0.038,0.012,0.022,0.066,0.137,0.391,0.116,0.223,-9,5.26,4.018,7890,13.132,3,28,2018/5/1 0:00,2018/5/29 0:00
VA24,6,2018,100,100,100,0.072,0.01,0.015,0.024,0.272,0.658,0.044,0.418,-9,5.195,6.1,10259.4,15.621,4,35,2018/5/29 0:00,2018/7/3 0:00
VA24,7,2018,100,100,100,0.061,0.007,0.018,0.027,0.185,0.615,0.062,0.334,-9,5.001,5.883,7138.6,13.36,4,28,2018/7/3 0:00,2018/7/31 0:00
VA24,8,2018,100,100,100,0.036,0.007,0.016,0.069,0.098,0.398,0.135,0.24,-9,5.093,4.948,5940.5,8.788,4,28,2018/7/31 0:00,2018/8/28 0:00
VA24,9,2018,80,100,97,0.027,0.013,0.011,0.124,0.074,0.254,0.211,0.196,-9,5.248,3.969,13570.5,21.591,4,35,2018/8/28 0:00,2018/10/2 0:00
VA24,10,2018,50,100,28,0.009,0.001,0.003,0.004,0.025,0.146,0.009,0.069,-9,5.36,2.3,2896.4,16.697,1,28,2018/10/2 0:00,2018/10/30 0:00
VA24,11,2018,100,100,100,0.019,0.009,0.007,0.1,0.061,0.25,0.187,0.161,-9,5.152,3.962,11487.6,17.678,5,35,2018/10/30 0:00,2018/12/4 0:00
VA24,12,2018,100,100,100,0.034,0.029,0.012,0.269,0.083,0.4,0.487,0.239,-9,5.101,6.075,7098.2,14.199,4,28,2018/12/4 0:00,2019/1/1 0:00
VA24,1,2019,88,88,100,0.029,0.011,0.009,0.103,0.102,0.369,0.195,0.187,-9,5.085,4.916,5093.3,7.898,4,32,2019/1/1 0:00,2019/1/29 0:00
VA24,2,2019,88,88,100,0.048,0.005,0.011,0.045,0.152,0.527,0.086,0.345,-9,4.943,6.202,7682,13.614,4,32,2019/1/29 0:00,2019/2/26 0:00
VA24,3,2019,68,100,59,0.043,0.009,0.011,0.067,0.118,0.304,0.105,0.239,-9,5.277,4.169,3486.5,9.576,2,31,2019/2/26 0:00,2019/4/2 0:00
VA24,4,2019,75,100,77,0.102,0.037,0.07,0.23,0.218,0.824,0.406,0.454,-9,5.107,7.586,2914.7,5.867,3,28,2019/4/2 0:00,2019/4/30 0:00
VA24,5,2019,100,100,100,0.066,0.012,0.02,0.049,0.199,0.554,0.068,0.302,-9,5.3,4.746,5167.1,7.541,3,34,2019/4/30 0:00,2019/6/4 0:00
VA24,6,2019,100,100,100,0.045,0.008,0.008,0.039,0.137,0.461,0.078,0.2,-9,5.262,4.493,10757.1,16.053,4,24,2019/6/4 0:00,2019/7/2 0:00
VA24,7,2019,93,93,100,0.031,0.003,0.008,0.008,0.132,0.5,0.022,0.218,-9,5.126,4.575,8283.1,11.506,4,30,2019/7/2 0:00,2019/7/30 0:00
VA24,8,2019,100,100,100,0.087,0.011,0.019,0.043,0.222,0.844,0.071,0.401,-9,4.814,8.331,4315.9,6.198,4,35,2019/7/30 0:00,2019/9/3 0:00
VA24,9,2019,100,100,100,0.411,0.057,0.041,0.205,0.828,1.912,0.341,1.203,-9,5.318,12.777,805.3,1.186,2,26,2019/9/3 0:00,2019/10/1 0:00
VA24,10,2019,88,88,100,0.014,0.006,0.004,0.034,0.045,0.151,0.059,0.098,-9,5.297,2.62,8833.7,11.853,3,32,2019/10/1 0:00,2019/10/29 0:00
VA24,11,2019,100,100,100,0.027,0.009,0.011,0.083,0.122,0.353,0.145,0.229,-9,5.127,4.879,6137,12.903,5,35,2019/10/29 0:00,2019/12/3 0:00
VA24,12,2019,75,100,97,0.03,0.024,0.016,0.23,0.124,0.35,0.418,0.336,-9,4.98,6.769,3677.4,5.715,3,28,2019/12/3 0:00,2019/12/31 0:00
VA24,1,2020,82,82,100,0.045,0.058,0.022,0.486,0.132,0.391,0.895,0.37,-9,5.083,8.038,5207.7,7.468,4,34,2019/12/31 0:00,2020/1/28 0:00
VA24,2,2020,100,100,100,0.021,0.004,0.006,0.049,0.06,0.219,0.082,0.151,-9,5.176,3.877,8862.4,13.203,5,28,2020/1/28 0:00,2020/3/3 0:00
VA24,3,2020,100,100,100,0.046,0.021,0.036,0.152,0.205,0.457,0.239,0.263,-9,5.415,4.79,3613.3,5.71,4,28,2020/3/3 0:00,2020/3/31 0:00
VA24,4,2020,66,88,73,0.131,0.019,0.046,0.059,0.392,0.615,0.112,0.454,-9,5.53,5.729,3504.3,7.137,3,32,2020/3/31 0:00,2020/4/28 0:00
VA24,5,2020,90,100,56,0.063,0.069,0.033,0.554,0.197,0.338,0.994,0.36,-9,5.646,6.888,3875.5,9.601,4,31,2020/4/28 0:00,2020/6/2 0:00
VA24,6,2020,100,100,100,0.044,0.012,0.012,0.079,0.198,0.437,0.148,0.253,-9,5.396,4.265,5742.2,8.788,4,28,2020/6/2 0:00,2020/6/30 0:00
VA24,7,2020,62,62,100,0.043,0.007,0.008,0.02,0.17,0.744,0.042,0.405,-9,4.848,7.827,6008.1,8.687,2,34,2020/7/7 0:00,2020/7/28 0:00
PA00,1,1999,20,20,100,0.035,0.016,0.006,0.12,0.07,0.79,0.26,1.6,-9,4.42,19.4,1056.7,1.626,1,35,1999/1/26 0:00,1999/2/2 0:00
PA00,2,1999,100,100,100,0.18,0.026,0.03,0.085,0.642,3.272,0.214,2.929,-9,4.202,37.02,2108,3.124,4,28,1999/2/2 0:00,1999/3/2 0:00
PA00,3,1999,100,100,100,0.111,0.027,0.014,0.153,0.254,1.207,0.323,1.435,-9,4.523,18.361,5083.2,7.645,3,28,1999/3/2 0:00,1999/3/30 0:00
PA00,4,1999,100,100,100,0.261,0.033,0.03,0.084,0.528,2.638,0.206,3.539,-9,4.18,38.249,7110.6,10.541,4,28,1999/3/30 0:00,1999/4/27 0:00
PA00,5,1999,83,100,61,0.308,0.035,0.029,0.058,1.139,2.802,0.174,3.226,-9,4.444,27.87,2516.8,6.071,2,35,1999/4/27 0:00,1999/6/1 0:00
PA00,6,1999,50,100,61,0.34,0.048,0.042,0.106,0.515,2.076,0.175,2.537,-9,4.442,25.157,1234.1,3.073,2,28,1999/6/1 0:00,1999/6/29 0:00
PA00,7,1999,60,100,71,0.258,0.045,0.035,0.098,0.523,3.482,0.231,4.545,-9,4.053,54.444,1829.6,3.988,3,35,1999/6/29 0:00,1999/8/3 0:00
PA00,8,1999,100,100,100,0.116,0.015,0.006,0.03,0.452,2.05,0.117,2.878,-9,4.25,32.842,7043.1,10.439,4,28,1999/8/3 0:00,1999/8/31 0:00
PA00,9,1999,75,100,86,0.08,0.019,0.009,0.107,0.308,1.805,0.237,2.476,-9,4.289,29.844,7325.6,13.081,3,28,1999/8/31 0:00,1999/9/28 0:00
PA00,10,1999,100,100,100,0.048,0.007,0.005,0.037,0.24,1.031,0.083,1.6,-9,4.549,17.913,8411.9,12.649,4,35,1999/9/28 0:00,1999/11/2 0:00
PA00,11,1999,75,100,37,0.108,0.033,0.009,0.246,0.224,0.593,0.453,1.142,-9,4.902,11.133,1056.6,4.14,2,28,1999/11/2 0:00,1999/11/30 0:00
PA00,12,1999,50,100,15,0.047,0.009,0.004,0.051,0.12,0.713,0.088,0.974,-9,4.68,12.1,687.1,5.766,1,28,1999/11/30 0:00,1999/12/28 0:00
PA00,1,2000,39,100,1,0.24,0.024,0.018,0.134,0.29,1.49,0.26,1.88,-9,4.19,48,50.4,5.99,1,36,1999/12/28 0:00,2000/2/2 0:00
PA00,2,2000,100,100,100,0.091,0.009,0.008,0.045,0.145,1.138,0.118,1.334,-9,4.512,17.137,4067.5,5.664,4,27,2000/2/2 0:00,2000/2/29 0:00
PA00,3,2000,100,100,100,0.097,0.014,0.009,0.042,0.283,1.353,0.112,1.646,-9,4.471,19.269,7357.7,10.973,3,28,2000/2/29 0:00,2000/3/28 0:00
PA00,4,2000,80,100,96,0.098,0.017,0.016,0.048,0.406,1.874,0.143,2.41,-9,4.33,27.432,5625.3,9.277,4,35,2000/3/28 0:00,2000/5/2 0:00
PA00,5,2000,100,100,100,0.136,0.019,0.021,0.032,0.482,1.604,0.087,2.464,-9,4.389,24.536,8139.4,12.497,4,28,2000/5/2 0:00,2000/5/30 0:00
PA00,6,2000,100,100,100,0.097,0.016,0.013,0.061,0.269,1.365,0.133,1.807,-9,4.44,21.066,4354.8,7.061,3,28,2000/5/30 0:00,2000/6/27 0:00
PA00,7,2000,100,100,100,0.086,0.011,0.008,0.009,0.364,1.968,0.098,3.289,-9,4.147,36.878,7666.2,11.786,5,35,2000/6/27 0:00,2000/8/1 0:00
PA00,8,2000,100,100,100,0.116,0.014,0.015,0.034,0.609,2.327,0.118,3.206,-9,4.227,34.699,2729.7,4.343,4,28,2000/8/1 0:00,2000/8/29 0:00
PA00,9,2000,100,100,100,0.074,0.014,0.014,0.076,0.246,1.409,0.166,1.663,-9,4.429,20.536,16086.8,23.924,4,35,2000/8/29 0:00,2000/10/3 0:00
PA00,10,2000,75,100,69,0.158,0.05,0.04,0.295,1.313,4.521,0.636,5.982,-9,3.975,67.393,741.9,1.651,2,28,2000/10/3 0:00,2000/10/31 0:00
PA00,11,2000,75,100,41,0.074,0.01,0.013,0.061,0.631,2.138,0.178,2.382,-9,4.36,27.1,1597.7,6.185,1,28,2000/10/31 0:00,2000/11/28 0:00
PA00,12,2000,100,100,100,0.04,0.006,0.003,0.05,0.126,0.761,0.129,0.947,-9,4.621,13.072,6019.1,9.198,3,35,2000/11/28 0:00,2001/1/2 0:00
PA00,1,2001,100,100,100,0.029,0.003,0.006,0.012,0.17,1.301,0.09,1.322,-9,4.421,20.357,3626.1,5.69,3,28,2001/1/2 0:00,2001/1/30 0:00
PA00,2,2001,75,100,56,0.164,0.021,0.01,0.033,0.352,2.67,0.141,2.265,-9,4.257,32.349,863.7,2.388,2,28,2001/1/30 0:00,2001/2/27 0:00
PA00,3,2001,100,100,100,0.059,0.013,0.005,0.053,0.406,1.743,0.147,1.698,-9,4.439,21.709,7674.2,11.633,5,35,2001/2/27 0:00,2001/4/3 0:00
PA00,4,2001,75,100,61,0.252,0.032,0.018,0.036,0.754,2.726,0.114,3.009,-9,4.33,30.567,1855.5,5.004,2,28,2001/4/3 0:00,2001/5/1 0:00
PA00,5,2001,75,100,94,0.13,0.014,0.014,0.027,0.835,1.927,0.105,2.64,-9,4.518,23.417,4096.2,6.896,2,28,2001/5/1 0:00,2001/5/29 0:00
PA00,6,2001,100,100,100,0.186,0.022,0.02,0.052,0.657,2.531,0.178,4.225,-9,4.11,43.76,3268.8,5.182,5,35,2001/5/29 0:00,2001/7/3 0:00
PA00,7,2001,100,100,100,0.2,0.02,0.019,0.018,0.74,2.691,0.139,5.595,-9,4.008,55.918,1901.1,3.101,4,28,2001/7/3 0:00,2001/7/31 0:00
PA00,8,2001,75,100,83,0.076,0.009,0.006,0.007,0.35,1.629,0.095,2.814,-9,4.233,31.315,1799.5,3.353,3,28,2001/7/31 0:00,2001/8/28 0:00
PA00,9,2001,100,100,100,0.05,0.006,0.008,0.019,0.251,0.88,0.067,2.056,-9,4.415,20.962,6139.9,9.5,4,35,2001/8/28 0:00,2001/10/2 0:00
PA00,10,2001,100,100,100,0.183,0.03,0.01,0.07,0.329,1.712,0.168,1.568,-9,4.518,18.969,1026.8,1.651,2,28,2001/10/2 0:00,2001/10/30 0:00
PA00,11,2001,100,100,100,0.144,0.049,0.02,0.372,0.458,1.07,0.707,1.816,-9,4.751,17.44,1779,3.023,2,28,2001/10/30 0:00,2001/11/27 0:00
PA00,12,2001,80,100,80,0.055,0.016,0.006,0.104,0.274,1.851,0.221,1.81,-9,4.361,24.805,2905,5.258,3,35,2001/11/27 0:00,2002/1/1 0:00
PA00,1,2002,100,100,100,0.107,0.011,0.01,0.028,0.125,1.041,0.078,1.084,-9,4.639,13.767,3091.4,4.42,4,28,2002/1/1 0:00,2002/1/29 0:00
PA00,2,2002,75,100,97,0.066,0.038,0.022,0.304,0.437,2.393,0.682,3.515,-9,4.129,41.947,770.5,1.511,2,28,2002/1/29 0:00,2002/2/26 0:00
PA00,3,2002,80,100,99,0.09,0.013,0.012,0.091,0.285,1.21,0.164,1.623,-9,4.535,18.035,7791.7,11.659,4,35,2002/2/26 0:00,2002/4/2 0:00
PA00,4,2002,100,100,100,0.128,0.025,0.031,0.108,0.538,2.194,0.21,2.625,-9,4.334,28.646,4608.4,7.442,4,28,2002/4/2 0:00,2002/4/30 0:00
PA00,5,2002,100,100,100,0.173,0.03,0.038,0.128,0.661,2.254,0.226,3.404,-9,4.27,34.26,6076.1,9.093,4,28,2002/4/30 0:00,2002/5/28 0:00
PA00,6,2002,100,100,100,0.157,0.022,0.017,0.026,0.611,2.073,0.099,2.858,-9,4.337,28.958,6058.2,9.093,5,35,2002/5/28 0:00,2002/7/2 0:00
PA00,7,2002,100,100,100,0.137,0.023,0.012,0.058,0.51,3.141,0.238,4.922,-9,3.979,56.894,1892.2,3.048,3,28,2002/7/2 0:00,2002/7/30 0:00
PA00,8,2002,100,100,100,0.083,0.012,0.01,0.029,0.423,1.914,0.115,2.96,-9,4.233,32.85,5285.9,8.221,4,35,2002/7/30 0:00,2002/9/3 0:00
PA00,9,2002,100,100,100,0.025,0.005,0.003,0.036,0.128,0.582,0.083,1.306,-9,4.6,15.793,8046.8,12.167,3,28,2002/9/3 0:00,2002/10/1 0:00
PA00,10,2002,100,100,100,0.045,0.01,0.005,0.062,0.324,1.674,0.169,2.03,-9,4.38,25.571,9196.9,14.122,4,28,2002/10/1 0:00,2002/10/29 0:00
PA00,11,2002,100,100,100,0.03,0.004,0.003,0.006,0.254,1.279,0.087,1.427,-9,4.508,18.269,7667.8,11.386,5,35,2002/10/29 0:00,2002/12/3 0:00
PA00,12,2002,100,100,100,0.024,0.003,0.002,0.012,0.108,0.68,0.107,1.104,-9,4.567,14.706,7250.7,10.489,4,28,2002/12/3 0:00,2002/12/31 0:00
PA00,1,2003,100,100,100,0.04,0.012,0.004,0.061,0.24,1.34,0.23,1.65,-9,4.41,21.2,2824.2,5.055,1,28,2002/12/31 0:00,2003/1/28 0:00
PA00,2,2003,100,100,100,0.043,0.005,0.004,0.019,0.136,0.836,0.098,0.811,-9,4.714,11.414,4740.7,10.557,4,28,2003/1/28 0:00,2003/2/25 0:00
PA00,3,2003,100,100,100,0.259,0.035,0.019,0.205,0.266,1.312,0.382,1.818,-9,4.56,18.882,6304.4,9.03,5,35,2003/2/25 0:00,2003/4/1 0:00
PA00,4,2003,75,100,72,0.066,0.013,0.01,0.049,0.519,1.653,0.113,2.012,-9,4.442,21.335,3086.6,6.76,3,28,2003/4/1 0:00,2003/4/29 0:00
PA00,5,2003,100,100,100,0.134,0.022,0.027,0.072,0.61,1.694,0.153,2.381,-9,4.454,23.019,12656.1,18.999,5,35,2003/4/29 0:00,2003/6/3 0:00
PA00,6,2003,75,100,93,0.043,0.006,0.018,0.009,0.42,1.245,0.076,2.267,-9,4.354,23.405,10826.5,17.323,2,28,2003/6/3 0:00,2003/7/1 0:00
PA00,7,2003,100,100,100,0.173,0.02,0.015,0.015,0.587,1.911,0.104,3.766,-9,4.18,36.115,2363.7,4.064,4,28,2003/7/1 0:00,2003/7/29 0:00
PA00,8,2003,100,100,100,0.155,0.016,0.011,0.015,0.516,1.741,0.095,3.507,-9,4.216,33.899,6148.8,9.428,5,35,2003/7/29 0:00,2003/9/2 0:00
PA00,9,2003,100,100,100,0.09,0.028,0.016,0.191,0.301,1.111,0.356,2.038,-9,4.446,21.478,8857.1,13.818,4,28,2003/9/2 0:00,2003/9/30 0:00
PA00,10,2003,100,100,100,0.057,0.009,0.008,0.017,0.264,1.203,0.067,1.608,-9,4.499,18.444,4749.2,7.544,3,28,2003/9/30 0:00,2003/10/28 0:00
PA00,11,2003,100,100,100,0.076,0.022,0.014,0.143,0.258,1.242,0.27,1.632,-9,4.463,19.346,5575,8.966,5,35,2003/10/28 0:00,2003/12/2 0:00
PA00,12,2003,100,100,100,0.043,0.013,0.008,0.116,0.156,0.866,0.279,1.136,-9,4.572,15.592,6083,10.566,4,28,2003/12/2 0:00,2003/12/30 0:00
PA00,1,2004,100,100,100,0.064,0.008,0.006,0.051,0.21,1.106,0.119,1.117,-9,4.606,15.254,3399.4,5.842,3,28,2003/12/30 0:00,2004/1/27 0:00
PA00,2,2004,100,100,100,0.044,0.011,0.004,0.075,0.131,0.864,0.176,0.91,-9,4.627,13.944,5518.2,8.295,4,35,2004/1/27 0:00,2004/3/2 0:00
PA00,3,2004,100,100,100,0.157,0.019,0.011,0.042,0.588,2.627,0.176,2.317,-9,4.299,29.842,2564.5,4.496,3,28,2004/3/2 0:00,2004/3/30 0:00
PA00,4,2004,100,100,100,0.119,0.018,0.015,0.05,0.395,1.469,0.13,1.996,-9,4.444,21.498,9433.8,14.884,4,28,2004/3/30 0:00,2004/4/27 0:00
PA00,5,2004,80,100,97,0.144,0.025,0.027,0.088,0.494,1.276,0.136,2.111,-9,4.526,19.261,8351.9,13.462,4,35,2004/4/27 0:00,2004/6/1 0:00
PA00,6,2004,75,100,100,0.093,0.01,0.01,0.015,0.351,0.929,0.061,1.894,-9,4.515,18.175,11770.5,18.593,3,28,2004/6/1 0:00,2004/6/29 0:00
PA00,7,2004,40,100,71,0.113,0.013,0.009,0.044,0.259,0.978,0.118,2.087,-9,4.379,21.618,4641.3,10.947,2,35,2004/6/29 0:00,2004/8/3 0:00
PA00,8,2004,75,100,99,0.11,0.012,0.012,0.017,0.434,0.951,0.067,2.161,-9,4.508,19.674,5220.4,8.611,3,28,2004/8/3 0:00,2004/8/31 0:00
PA00,9,2004,76,100,100,0.031,0.012,0.005,0.092,0.14,0.356,0.178,0.971,-9,4.758,10.196,13535.6,22.022,3,29,2004/8/31 0:00,2004/9/29 0:00
PA00,10,2004,82,100,97,0.132,0.02,0.012,0.067,0.528,3.25,0.251,3.002,-9,4.121,40.623,2056.1,3.13,3,34,2004/9/29 0:00,2004/11/2 0:00
PA00,11,2004,100,100,100,0.045,0.007,0.005,0.028,0.35,1.449,0.107,1.31,-9,4.551,17.121,4906.6,9.169,4,28,2004/11/2 0:00,2004/11/30 0:00
PA00,12,2004,100,100,100,0.03,0.006,0.005,0.04,0.246,0.832,0.118,1.261,-9,4.605,14.764,4432.2,8.23,3,28,2004/11/30 0:00,2004/12/28 0:00
PA00,1,2005,100,100,100,0.096,0.011,0.013,0.068,0.344,2.095,0.197,1.68,-9,4.337,25.816,4286.4,8.484,5,35,2004/12/28 0:00,2005/2/1 0:00
PA00,2,2005,75,100,98,0.103,0.013,0.013,0.056,0.313,2.123,0.223,1.887,-9,4.299,27.269,2427.6,5.385,3,28,2005/2/1 0:00,2005/3/1 0:00
PA00,3,2005,75,100,100,0.042,0.005,0.006,0.02,0.324,0.936,0.076,1.897,-9,4.463,19.932,7253.2,11.328,2,28,2005/3/1 0:00,2005/3/29 0:00
PA00,4,2005,100,100,100,0.085,0.01,0.015,0.033,0.272,0.912,0.08,1.272,-9,4.65,13.566,6010.8,10.185,4,35,2005/3/29 0:00,2005/5/3 0:00
PA00,5,2005,50,100,90,0.1,0.015,0.024,0.02,1.19,2.1,0.121,4.54,-9,4.23,38.3,3132.3,5.232,1,28,2005/5/3 0:00,2005/5/31 0:00
PA00,6,2005,100,100,100,0.181,0.021,0.029,0.024,0.493,1.054,0.074,2.105,-9,4.593,17.801,3840.8,6.478,3,28,2005/5/31 0:00,2005/6/28 0:00
PA00,7,2005,60,100,91,0.067,0.009,0.015,0.016,0.376,1.072,0.079,2.473,-9,4.372,24.619,6766.4,11.887,3,35,2005/6/28 0:00,2005/8/2 0:00
PA00,8,2005,100,100,100,0.173,0.021,0.012,0.023,0.745,2.02,0.168,5.986,-9,4.014,56.565,4885.2,8.332,4,28,2005/8/2 0:00,2005/8/30 0:00
PA00,9,2005,100,100,100,0.037,0.009,0.006,0.065,0.283,0.373,0.111,1.231,-9,4.876,10.022,2229.5,3.658,2,28,2005/8/30 0:00,2005/9/27 0:00
PA00,10,2005,100,100,100,0.027,0.007,0.006,0.061,0.113,0.44,0.11,0.708,-9,4.82,8.826,10491.5,17.958,5,35,2005/9/27 0:00,2005/11/1 0:00
PA00,11,2005,75,100,90,0.104,0.022,0.014,0.121,0.263,1.606,0.234,2.016,-9,4.343,25.091,2065.5,4.204,2,28,2005/11/1 0:00,2005/11/29 0:00
PA00,12,2005,80,100,66,0.032,0.004,0.005,0.02,0.203,0.861,0.106,1.001,-9,4.597,13.782,4994.9,12.192,4,35,2005/11/29 0:00,2006/1/3 0:00
PA00,1,2006,50,100,73,0.093,0.047,0.02,0.35,0.281,1.341,0.681,1.775,-9,4.462,22.641,3221.5,7.747,2,28,2006/1/3 0:00,2006/1/31 0:00
PA00,2,2006,75,100,98,0.059,0.012,0.01,0.077,0.291,1.086,0.17,1.395,-9,4.523,17.347,3376.1,5.588,2,28,2006/1/31 0:00,2006/2/28 0:00
PA00,3,2006,75,100,75,0.671,0.095,0.089,0.562,0.662,2.417,0.939,5.021,-9,4.21,42.5,604.3,1.346,1,28,2006/2/28 0:00,2006/3/28 0:00
PA00,4,2006,100,100,100,0.142,0.022,0.014,0.059,0.43,1.404,0.12,2.165,-9,4.475,21.414,5855,9.449,5,35,2006/3/28 0:00,2006/5/2 0:00
PA00,5,2006,50,100,96,0.097,0.019,0.018,0.059,0.934,1.634,0.153,3.041,-9,4.5,24.4,5168,8.204,1,28,2006/5/2 0:00,2006/5/30 0:00
PA00,6,2006,100,100,100,0.055,0.009,0.008,0.021,0.262,0.7,0.066,1.511,-9,4.586,14.869,11266,16.593,3,28,2006/5/30 0:00,2006/6/27 0:00
PA00,7,2006,100,100,100,0.097,0.014,0.011,0.036,0.238,0.89,0.107,2.595,-9,4.309,25.945,8271,12.852,5,35,2006/6/27 0:00,2006/8/1 0:00
PA00,8,2006,100,100,100,0.182,0.042,0.026,0.228,0.713,1.884,0.372,4.385,-9,4.157,40.536,1195,1.829,3,28,2006/8/1 0:00,2006/8/29 0:00
PA00,9,2006,100,100,100,0.038,0.005,0.006,0.016,0.175,0.49,0.049,1.042,-9,4.727,10.34,5096.2,7.603,5,35,2006/8/29 0:00,2006/10/3 0:00
PA00,10,2006,100,100,100,0.044,0.006,0.012,0.011,0.224,0.804,0.057,1.111,-9,4.633,12.506,7619.9,11.224,4,28,2006/10/3 0:00,2006/10/31 0:00
PA00,11,2006,100,100,100,0.056,0.017,0.012,0.109,0.174,0.779,0.207,1.18,-9,4.618,14.021,6998.6,10.549,4,28,2006/10/31 0:00,2006/11/28 0:00
PA00,12,2006,100,100,100,0.042,0.008,0.008,0.057,0.231,0.908,0.169,1.496,-9,4.453,17.586,5649.8,8.632,4,35,2006/11/28 0:00,2007/1/2 0:00
PA00,1,2007,100,100,100,0.077,0.008,0.009,0.038,0.2,1.019,0.125,1.467,-9,4.456,17.857,2173.7,3.607,3,28,2007/1/2 0:00,2007/1/30 0:00
PA00,2,2007,75,100,96,0.145,0.013,0.01,0.099,0.197,1.143,0.195,1.036,-9,4.66,13.063,3902,5.994,3,28,2007/1/30 0:00,2007/2/27 0:00
PA00,3,2007,80,100,97,0.145,0.017,0.011,0.076,0.379,1.656,0.179,1.918,-9,4.426,21.243,6335.7,11.151,4,35,2007/2/27 0:00,2007/4/3 0:00
PA00,4,2007,50,100,82,0.066,0.011,0.01,0.037,0.425,1.026,0.123,1.851,-9,4.49,17.9,5380.7,9.703,1,28,2007/4/3 0:00,2007/5/1 0:00
PA00,5,2007,75,100,91,0.227,0.04,0.031,0.147,0.796,1.883,0.233,3.063,-9,4.446,24.683,3218.7,5.918,2,28,2007/5/1 0:00,2007/5/29 0:00
PA00,6,2007,60,100,83,0.157,0.028,0.018,0.049,0.73,1.316,0.124,2.842,-9,4.495,21.9,4499,8.394,3,35,2007/5/29 0:00,2007/7/3 0:00
PA00,7,2007,100,100,100,0.293,0.027,0.018,0.023,0.646,1.832,0.118,3.261,-9,4.322,28.268,2306.9,4.064,3,28,2007/7/3 0:00,2007/7/31 0:00
PA00,8,2007,100,100,100,0.126,0.016,0.016,0.025,0.473,1.645,0.094,3.314,-9,4.213,32.192,8105.8,12.548,4,28,2007/7/31 0:00,2007/8/28 0:00
PA00,9,2007,83,100,98,0.2,0.02,0.013,0.028,0.728,1.764,0.085,3.367,-9,4.339,28.044,2453.6,3.95,2,35,2007/8/28 0:00,2007/10/2 0:00
PA00,10,2007,75,100,92,0.05,0.012,0.006,0.075,0.156,0.624,0.148,1.143,-9,4.638,12.604,6088.7,10.541,2,28,2007/10/2 0:00,2007/10/30 0:00
PA00,11,2007,100,100,100,0.17,0.021,0.014,0.035,0.466,2.269,0.146,1.922,-9,4.384,24.224,4146.4,6.706,4,28,2007/10/30 0:00,2007/11/27 0:00
PA00,12,2007,100,100,100,0.06,0.019,0.014,0.144,0.281,1.377,0.323,1.442,-9,4.451,19.66,8518.3,13.132,5,34,2007/11/27 0:00,2007/12/31 0:00
PA00,1,2008,72,100,98,0.138,0.026,0.023,0.166,0.367,2.133,0.343,2.424,-9,4.275,29.57,1913.3,3.073,3,29,2007/12/31 0:00,2008/1/29 0:00
PA00,2,2008,75,100,83,0.152,0.023,0.017,0.148,0.216,1.264,0.319,1.531,-9,4.477,18.832,6854.7,12.116,3,28,2008/1/29 0:00,2008/2/26 0:00
PA00,3,2008,100,100,100,0.184,0.044,0.028,0.255,0.418,1.724,0.46,2.15,-9,4.437,22.656,8005.8,12.953,5,35,2008/2/26 0:00,2008/4/1 0:00
PA00,4,2008,100,100,100,0.13,0.035,0.042,0.173,0.488,1.171,0.305,1.701,-9,4.727,14.652,9279.9,14.605,4,28,2008/4/1 0:00,2008/4/29 0:00
PA00,5,2008,60,100,96,0.116,0.018,0.015,0.022,0.338,0.871,0.063,1.662,-9,4.604,14.162,10568.7,16.434,3,35,2008/4/29 0:00,2008/6/3 0:00
PA00,6,2008,100,100,100,0.198,0.024,0.024,0.026,0.518,1.281,0.077,2.324,-9,4.513,19.307,3750.7,5.56,4,28,2008/6/3 0:00,2008/7/1 0:00
PA00,7,2008,100,100,100,0.119,0.014,0.016,0.017,0.401,1.202,0.087,2.438,-9,4.388,23.199,5396.5,8.293,3,28,2008/7/1 0:00,2008/7/29 0:00
PA00,8,2008,80,100,96,0.132,0.026,0.01,0.04,0.32,1.203,0.125,2.403,-9,4.353,22.785,4065.8,6.124,2,35,2008/7/29 0:00,2008/9/2 0:00
PA00,9,2008,100,100,100,0.025,0.006,0.004,0.05,0.111,0.321,0.096,0.594,-9,4.949,6.628,12395.2,18.466,3,28,2008/9/2 0:00,2008/9/30 0:00
PA00,10,2008,75,100,96,0.072,0.122,0.043,1.107,0.209,0.531,2.04,1.026,-9,5,14.7,2911.3,4.724,1,28,2008/9/30 0:00,2008/10/28 0:00
PA00,11,2008,100,100,100,0.053,0.008,0.009,0.033,0.236,0.949,0.094,1.138,-9,4.634,13.394,4334.8,8.128,4,35,2008/10/28 0:00,2008/12/2 0:00
PA00,12,2008,100,100,100,0.061,0.012,0.008,0.089,0.135,0.682,0.197,1.22,-9,4.569,14.338,9951.1,14.803,4,28,2008/12/2 0:00,2008/12/30 0:00
PA00,1,2009,100,100,100,0.094,0.01,0.011,0.068,0.234,1.453,0.157,1.213,-9,4.478,16.893,3657.5,5.918,4,35,2008/12/30 0:00,2009/2/3 0:00
PA00,2,2009,50,100,54,0.375,0.056,0.031,0.237,0.459,1.404,0.367,1.425,-9,5.214,10.922,419.9,0.976,2,28,2009/2/3 0:00,2009/3/3 0:00
PA00,3,2009,100,100,100,0.108,0.014,0.011,0.044,0.678,1.369,0.1,1.51,-9,4.9,13.154,2362.8,3.48,3,28,2009/3/3 0:00,2009/3/31 0:00
PA00,4,2009,100,100,100,0.128,0.02,0.018,0.08,0.34,1.158,0.16,1.54,-9,4.636,15.697,7352.7,12.548,4,28,2009/3/31 0:00,2009/4/28 0:00
PA00,5,2009,60,100,83,0.045,0.009,0.015,0.037,0.34,0.816,0.081,1.214,-9,4.758,11.339,10450,19.177,3,35,2009/4/28 0:00,2009/6/2 0:00
PA00,6,2009,75,100,99,0.095,0.021,0.016,0.095,0.55,1.368,0.215,2.406,-9,4.482,22.847,8683.2,13.132,3,28,2009/6/2 0:00,2009/6/30 0:00
PA00,7,2009,75,100,11,0.642,0.084,0.029,0.032,0.942,2.898,0.233,5.245,-9,4.147,44.327,530.9,9.703,3,28,2009/6/30 0:00,2009/7/28 0:00
PA00,8,2009,100,100,100,0.085,0.01,0.009,0.014,0.3,0.753,0.051,1.5,-9,4.679,13.525,8941,13.411,4,35,2009/7/28 0:00,2009/9/1 0:00
PA00,9,2009,100,100,100,0.047,0.026,0.011,0.194,0.199,0.596,0.356,0.704,-9,4.954,8.511,6082.6,9.347,3,28,2009/9/1 0:00,2009/9/29 0:00
PA00,10,2009,80,100,100,0.035,0.015,0.008,0.107,0.215,0.706,0.206,0.832,-9,4.792,10.147,9811.6,15.138,4,35,2009/9/29 0:00,2009/11/3 0:00
PA00,11,2009,75,100,93,0.078,0.026,0.015,0.181,0.534,1.538,0.335,1.624,-9,4.57,18.343,2345.4,4.191,3,28,2009/11/3 0:00,2009/12/1 0:00
PA00,12,2009,100,100,100,0.058,0.01,0.006,0.063,0.178,0.588,0.13,0.604,-9,4.944,7.735,10078,17.348,4,28,2009/12/1 0:00,2009/12/29 0:00
PA00,1,2010,100,100,100,0.06,0.033,0.017,0.309,0.16,0.651,0.556,0.647,-9,4.918,10.096,7207.9,11.405,4,35,2009/12/29 0:00,2010/2/2 0:00
PA00,2,2010,75,100,99,0.067,0.008,0.026,0.102,0.18,1.114,0.157,0.613,-9,4.803,10.94,2149.5,7.976,3,28,2010/2/2 0:00,2010/3/2 0:00
PA00,3,2010,75,100,98,0.1,0.047,0.023,0.347,0.506,0.928,0.643,1.124,-9,5.177,10.663,6628.8,10.414,3,28,2010/3/2 0:00,2010/3/30 0:00
PA00,4,2010,50,100,61,0.179,0.028,0.036,0.05,0.665,1.691,0.098,1.456,-9,4.878,13.702,1850.8,4.978,2,28,2010/3/30 0:00,2010/4/27 0:00
PA00,5,2010,80,100,99,0.122,0.022,0.027,0.087,0.544,0.985,0.14,1.089,-9,5.208,9.317,6848.8,10.541,4,35,2010/4/27 0:00,2010/6/1 0:00
PA00,6,2010,74,100,95,0.156,0.018,0.016,0.021,0.562,1.36,0.07,2.199,-9,4.5,20.799,2924.8,5.105,3,27,2010/6/1 0:00,2010/6/28 0:00
PA00,7,2010,100,100,100,0.123,0.015,0.013,0.034,0.385,1.182,0.07,1.795,-9,4.502,18.01,2803.8,4.42,3,36,2010/6/28 0:00,2010/8/3 0:00
PA00,8,2010,50,100,98,0.1,0.028,0.018,0.157,0.463,1.219,0.312,1.673,-9,4.616,17.223,4952,7.722,2,28,2010/8/3 0:00,2010/8/31 0:00
PA00,9,2010,100,100,100,0.109,0.016,0.015,0.054,0.313,0.844,0.104,1.048,-9,4.856,10.303,4959.5,7.595,3,28,2010/8/31 0:00,2010/9/28 0:00
PA00,10,2010,80,100,94,0.057,0.009,0.006,0.041,0.171,0.443,0.071,0.528,-9,5.112,5.6,9860.2,16.281,4,35,2010/9/28 0:00,2010/11/2 0:00
PA00,11,2010,100,100,100,0.079,0.027,0.018,0.179,0.403,1.251,0.309,1.173,-9,4.747,13.538,5273.2,8.331,4,28,2010/11/2 0:00,2010/11/30 0:00
PA00,12,2010,50,100,99,0.051,0.033,0.014,0.273,0.143,0.458,0.495,0.546,-9,5.035,7.702,4370.5,7.264,2,28,2010/11/30 0:00,2010/12/28 0:00
PA00,1,2011,59,100,83,0.131,0.015,0.008,0.071,0.215,1.436,0.135,0.763,-9,4.691,12.827,1755.6,3.963,2,34,2010/12/28 0:00,2011/1/31 0:00
PA00,2,2011,100,100,100,0.189,0.023,0.022,0.104,0.396,1.397,0.153,1.261,-9,4.748,13.902,5123,8.763,3,29,2011/1/31 0:00,2011/3/1 0:00
PA00,3,2011,75,100,59,0.157,0.079,0.033,0.548,0.435,1.025,0.917,1.276,-9,5.004,12.947,6021.1,16.256,3,28,2011/3/1 0:00,2011/3/29 0:00
PA00,4,2011,100,100,100,0.197,0.036,0.041,0.178,0.448,0.979,0.315,1.07,-9,5.156,9.871,13519.4,27.076,5,35,2011/3/29 0:00,2011/5/3 0:00
PA00,5,2011,75,100,84,0.069,0.023,0.024,0.114,0.724,1.19,0.224,1.022,-9,5.267,9.479,4757.2,8.788,3,28,2011/5/3 0:00,2011/5/31 0:00
PA00,6,2011,50,100,45,0.232,0.028,0.032,0.049,0.607,1.821,0.134,1.593,-9,4.713,16.334,700.1,2.794,2,28,2011/5/31 0:00,2011/6/28 0:00
PA00,7,2011,80,100,97,0.219,0.023,0.024,0.04,0.836,1.845,0.099,3.125,-9,4.416,26.8,7291.7,12.116,3,35,2011/6/28 0:00,2011/8/2 0:00
PA00,8,2011,100,100,100,0.117,0.019,0.012,0.071,0.359,0.922,0.115,1.257,-9,4.778,12.117,9081.2,13.792,4,28,2011/8/2 0:00,2011/8/30 0:00
PA00,9,2011,100,100,100,0.077,0.01,0.011,0.035,0.312,0.85,0.069,0.861,-9,4.843,9.577,19262.6,28.804,4,28,2011/8/30 0:00,2011/9/27 0:00
PA00,10,2011,100,100,100,0.049,0.01,0.008,0.04,0.321,0.795,0.08,0.683,-9,5.041,7.236,8862.8,14.3,4,35,2011/9/27 0:00,2011/11/1 0:00
PA00,11,2011,100,100,100,0.031,0.014,0.009,0.092,0.274,0.805,0.179,0.77,-9,4.858,9.801,7201.7,11.125,3,28,2011/11/1 0:00,2011/11/29 0:00
PA00,12,2011,100,100,100,0.046,0.011,0.008,0.06,0.214,0.659,0.114,0.657,-9,4.973,7.949,4959.1,8.255,5,35,2011/11/29 0:00,2012/1/3 0:00
PA00,1,2012,100,100,100,0.094,0.015,0.015,0.073,0.482,1.568,0.145,1.044,-9,4.783,12.992,5632.3,8.89,3,28,2012/1/3 0:00,2012/1/31 0:00
PA00,2,2012,75,100,65,0.183,0.019,0.012,0.09,0.513,2.689,0.205,1.222,-9,4.537,21.042,868.9,2.794,3,28,2012/1/31 0:00,2012/2/28 0:00
PA00,3,2012,80,100,82,0.189,0.037,0.033,0.162,0.631,1.429,0.206,1.136,-9,5.334,9.941,5926.5,11.151,4,35,2012/2/28 0:00,2012/4/3 0:00
PA00,4,2012,75,100,95,0.08,0.012,0.02,0.018,0.431,0.613,0.036,0.438,-9,5.849,4.729,3407.6,5.715,2,28,2012/4/3 0:00,2012/5/1 0:00
PA00,5,2012,100,100,100,0.116,0.032,0.027,0.164,0.611,1.235,0.297,1.148,-9,5.051,10.581,8489.9,12.802,4,28,2012/5/1 0:00,2012/5/29 0:00
PA00,6,2012,60,100,92,0.047,0.011,0.016,0.036,0.364,0.766,0.071,0.599,-9,5.3,6.043,5867.4,9.398,3,35,2012/5/29 0:00,2012/7/3 0:00
PA00,7,2012,75,100,96,0.172,0.025,0.016,0.028,0.674,1.142,0.099,0.762,-9,4.826,14.066,7573.6,12.192,3,28,2012/7/3 0:00,2012/7/31 0:00
PA00,8,2012,100,100,100,0.128,0.019,0.02,0.045,0.375,1.116,0.095,0.861,-9,4.964,9.489,4902.5,7.899,4,28,2012/7/31 0:00,2012/8/28 0:00
PA00,9,2012,100,100,100,0.073,0.015,0.012,0.051,0.302,0.744,0.094,0.742,-9,4.984,7.759,10365.4,15.799,5,35,2012/8/28 0:00,2012/10/2 0:00
PA00,10,2012,75,100,22,0.119,0.026,0.015,0.121,0.352,1.017,0.207,0.868,-9,5.047,9.045,2240.4,17.297,3,28,2012/10/2 0:00,2012/10/30 0:00
PA00,11,2012,75,100,91,0.109,0.016,0.015,0.045,0.235,1.195,0.067,0.627,-9,4.881,9.542,1595.8,2.565,2,28,2012/10/30 0:00,2012/11/27 0:00
PA00,12,2012,56,100,18,0.101,0.012,0.011,0.047,0.52,1.962,0.096,0.944,-9,4.744,13.916,1252.8,12.014,3,36,2012/11/27 0:00,2013/1/2 0:00
PA00,1,2013,100,100,100,0.078,0.012,0.006,0.079,0.224,0.916,0.139,0.699,-9,4.862,9.335,2516.2,4.039,3,27,2013/1/2 0:00,2013/1/29 0:00
PA00,2,2013,100,100,100,0.074,0.011,0.007,0.054,0.173,0.567,0.085,0.425,-9,5.204,5.491,3845.9,6.579,4,28,2013/1/29 0:00,2013/2/26 0:00
PA00,3,2013,80,100,88,0.094,0.024,0.011,0.129,0.253,0.682,0.229,0.601,-9,5.255,6.523,5419.4,10.439,4,35,2013/2/26 0:00,2013/4/2 0:00
PA00,4,2013,100,100,100,0.132,0.03,0.064,0.129,0.603,1.049,0.207,0.942,-9,5.675,8.187,3024.8,4.775,3,28,2013/4/2 0:00,2013/4/30 0:00
PA00,5,2013,25,100,20,0.238,0.032,0.053,0.043,0.738,1.444,0.095,1.197,-9,5.48,9.9,866.3,7.087,1,28,2013/4/30 0:00,2013/5/28 0:00
PA00,6,2013,60,100,51,0.138,0.018,0.022,0.037,0.504,0.924,0.066,0.818,-9,5.6,6.749,3958.9,12.624,3,35,2013/5/28 0:00,2013/7/2 0:00
PA00,7,2013,75,100,89,0.118,0.017,0.013,0.03,0.422,1.13,0.118,1.234,-9,4.718,13.566,3634.1,6.274,3,28,2013/7/2 0:00,2013/7/30 0:00
PA00,8,2013,60,100,93,0.071,0.007,0.022,0.029,0.394,0.979,0.058,1.251,-9,4.786,12.938,8133.7,13.46,3,35,2013/7/30 0:00,2013/9/3 0:00
PA00,9,2013,74,100,64,0.014,0.004,0.009,0.023,0.154,0.394,0.03,0.41,-9,5.14,5.1,1432.9,3.374,1,27,2013/9/3 0:00,2013/9/30 0:00
PA00,10,2013,100,100,100,0.025,0.006,0.004,0.039,0.072,0.194,0.065,0.197,-9,5.377,3.252,12564.3,18.573,3,29,2013/9/30 0:00,2013/10/29 0:00
PA00,11,2013,100,100,100,0.038,0.011,0.008,0.045,0.179,0.478,0.081,0.415,-9,5.153,5.537,4150.9,8.266,4,35,2013/10/29 0:00,2013/12/3 0:00
PA00,12,2013,100,100,100,0.042,0.006,0.005,0.028,0.195,0.612,0.059,0.395,-9,5.159,5.813,6641.9,10.643,4,28,2013/12/3 0:00,2013/12/31 0:00
PA00,1,2014,77,100,68,0.072,0.015,0.009,0.107,0.185,0.914,0.189,0.622,-9,4.907,9.46,2950.4,7.493,4,35,2013/12/31 0:00,2014/2/4 0:00
PA00,2,2014,100,100,100,0.091,0.015,0.012,0.1,0.31,1.347,0.167,0.785,-9,4.753,12.577,3938.4,7.823,3,21,2014/2/4 0:00,2014/2/25 0:00
PA00,3,2014,60,80,97,0.079,0.007,0.008,0.024,0.277,0.567,0.054,0.542,-9,5.257,5.754,5881.1,9.982,3,35,2014/2/25 0:00,2014/4/1 0:00
PA00,4,2014,71,100,82,0.2,0.04,0.026,0.185,0.583,1.134,0.292,0.963,-9,5.436,9.385,4131.9,7.315,3,28,2014/4/1 0:00,2014/4/29 0:00
PA00,5,2014,60,100,92,0.066,0.015,0.019,0.063,0.348,0.517,0.111,0.604,-9,5.449,5.48,13129.9,22.327,3,35,2014/4/29 0:00,2014/6/3 0:00
PA00,6,2014,100,100,100,0.063,0.012,0.016,0.031,0.414,0.807,0.063,0.699,-9,5.173,7.155,9967.7,14.884,4,28,2014/6/3 0:00,2014/7/1 0:00
PA00,7,2014,50,100,95,0.266,0.032,0.028,0.025,0.375,1.046,0.069,1.097,-9,5.086,9.328,2211.5,3.251,2,28,2014/7/1 0:00,2014/7/29 0:00
PA00,8,2014,80,100,91,0.059,0.009,0.013,0.033,0.276,0.67,0.075,0.638,-9,5.029,7.336,6508.2,10.643,3,35,2014/7/29 0:00,2014/9/2 0:00
PA00,9,2014,100,100,100,0.089,0.039,0.018,0.269,0.253,0.73,0.48,0.552,-9,5.208,7.87,2543.9,3.759,4,28,2014/9/2 0:00,2014/9/30 0:00
PA00,10,2014,100,100,100,0.074,0.024,0.01,0.149,0.29,0.804,0.271,0.701,-9,5.04,8.249,8386.8,12.649,4,28,2014/9/30 0:00,2014/10/28 0:00
PA00,11,2014,100,100,100,0.036,0.008,0.009,0.033,0.207,0.763,0.067,0.519,-9,4.907,7.991,4319.1,6.883,5,34,2014/10/28 0:00,2014/12/1 0:00
PA00,12,2014,100,100,100,0.033,0.006,0.006,0.028,0.262,0.82,0.061,0.587,-9,4.95,8.079,5213,8.204,4,29,2014/12/1 0:00,2014/12/30 0:00
PA00,1,2015,100,100,100,0.063,0.01,0.011,0.059,0.45,1.453,0.123,0.888,-9,4.781,12.556,4485.2,7.798,4,35,2014/12/30 0:00,2015/2/3 0:00
PA00,2,2015,74,100,86,0.277,0.017,0.01,0.112,0.267,1.243,0.182,0.746,-9,4.859,10.82,829.4,2.337,3,27,2015/2/3 0:00,2015/3/2 0:00
PA00,3,2015,100,100,100,0.076,0.012,0.007,0.044,0.313,0.874,0.091,0.667,-9,4.951,8.977,4475.8,7.823,4,29,2015/3/2 0:00,2015/3/31 0:00
PA00,4,2015,75,100,94,0.091,0.038,0.065,0.207,0.438,0.668,0.369,0.616,-9,5.49,7.355,4995.5,8.306,2,28,2015/3/31 0:00,2015/4/28 0:00
PA00,5,2015,60,100,81,0.104,0.019,0.025,0.063,0.627,1.061,0.107,0.692,-9,5.736,7.012,2815.6,5.359,2,35,2015/4/28 0:00,2015/6/2 0:00
PA00,6,2015,100,100,100,0.057,0.009,0.01,0.023,0.252,0.635,0.052,0.534,-9,5.074,6.655,16089.8,24.613,4,28,2015/6/2 0:00,2015/6/30 0:00
PA00,7,2015,100,100,100,0.093,0.012,0.02,0.023,0.35,0.83,0.055,0.703,-9,5.037,7.887,7608.5,11.532,4,28,2015/6/30 0:00,2015/7/28 0:00
PA00,8,2015,100,100,100,0.078,0.009,0.009,0.021,0.213,0.497,0.035,0.37,-9,5.328,4.871,9218,13.843,5,35,2015/7/28 0:00,2015/9/1 0:00
PA00,9,2015,100,100,100,0.088,0.014,0.01,0.031,0.276,0.61,0.06,0.343,-9,5.445,5.026,2618.3,3.988,2,28,2015/9/1 0:00,2015/9/29 0:00
PA00,10,2015,60,100,53,0.045,0.025,0.011,0.186,0.19,0.231,0.332,0.259,-9,5.948,4.067,5260.2,15.748,2,35,2015/9/29 0:00,2015/11/3 0:00
PA00,11,2015,74,100,83,0.079,0.07,0.026,0.524,0.309,0.616,0.951,0.58,-9,5.296,9.367,2158.3,4.572,3,27,2015/11/3 0:00,2015/11/30 0:00
PA00,12,2015,100,100,100,0.039,0.011,0.007,0.071,0.242,0.574,0.13,0.505,-9,5.16,6.141,6218.8,10.185,4,29,2015/11/30 0:00,2015/12/29 0:00
PA00,1,2016,80,100,99,0.063,0.021,0.01,0.104,0.572,0.878,0.188,0.45,-9,5.148,6.79,4020.9,11.887,3,35,2015/12/29 0:00,2016/2/2 0:00
PA00,2,2016,68,100,59,0.058,0.024,0.015,0.171,0.239,0.627,0.31,0.676,-9,4.847,10.262,4926.8,13.462,3,28,2016/2/2 0:00,2016/3/1 0:00
PA00,3,2016,70,100,61,0.094,0.016,0.016,0.089,0.628,1.004,0.158,0.786,-9,5.48,8.3,1536.2,3.686,1,30,2016/3/1 0:00,2016/3/31 0:00
PA00,4,2016,85,100,96,0.124,0.021,0.032,0.042,0.917,1.353,0.082,0.812,-9,5.743,9.036,4447.3,7.139,2,33,2016/3/31 0:00,2016/5/3 0:00
PA00,5,2016,75,100,95,0.089,0.015,0.026,0.021,0.566,0.919,0.053,0.499,-9,5.85,6.018,5572.6,9.779,3,28,2016/5/3 0:00,2016/5/31 0:00
PA00,6,2016,75,100,99,0.129,0.018,0.019,0.02,0.983,1.361,0.054,0.794,-9,5.863,9.109,5592.2,9.093,3,28,2016/5/31 0:00,2016/6/28 0:00
PA00,7,2016,100,100,100,0.147,0.018,0.02,0.011,0.492,1.274,0.047,1.271,-9,4.796,13.059,4237.1,6.655,4,35,2016/6/28 0:00,2016/8/2 0:00
PA00,8,2016,100,100,100,0.132,0.017,0.023,0.036,0.548,1.256,0.07,0.767,-9,5.246,8.337,939.2,2.032,2,28,2016/8/2 0:00,2016/8/30 0:00
PA00,9,2016,75,100,94,0.339,0.048,0.039,0.131,0.798,1.839,0.196,1.183,-9,5.61,11.022,1418.8,2.794,3,28,2016/8/30 0:00,2016/9/27 0:00
PA00,10,2016,100,100,100,0.064,0.017,0.014,0.086,0.513,0.766,0.157,0.576,-9,5.678,6.251,7329.1,11.735,3,35,2016/9/27 0:00,2016/11/1 0:00
PA00,11,2016,71,100,95,0.045,0.031,0.016,0.226,0.195,0.531,0.433,0.462,-9,4.924,8.91,2234.2,3.632,2,28,2016/11/1 0:00,2016/11/29 0:00
PA00,12,2016,100,100,100,0.044,0.007,0.008,0.034,0.206,0.6,0.059,0.326,-9,5.095,5.718,7221.6,11.278,5,35,2016/11/29 0:00,2017/1/3 0:00
PA00,1,2017,100,100,100,0.074,0.01,0.01,0.096,0.378,0.838,0.168,0.337,-9,5.451,5.844,3907.6,6.452,4,28,2017/1/3 0:00,2017/1/31 0:00
PA00,2,2017,75,100,96,0.176,0.019,0.02,0.079,0.739,1.702,0.15,0.977,-9,4.966,12.36,1585.7,2.616,2,28,2017/1/31 0:00,2017/2/28 0:00
PA00,3,2017,100,100,100,0.145,0.018,0.023,0.08,0.529,1.345,0.137,0.653,-9,5.021,9.769,3693.3,7.671,4,28,2017/2/28 0:00,2017/3/28 0:00
PA00,4,2017,100,100,100,0.083,0.017,0.029,0.07,0.433,0.761,0.112,0.432,-9,5.49,5.86,6188.3,9.982,5,35,2017/3/28 0:00,2017/5/2 0:00
PA00,5,2017,46,100,54,0.04,0.033,0.016,0.253,0.289,0.455,0.481,0.395,-9,5.372,6.011,5384.5,14.503,2,28,2017/5/2 0:00,2017/5/30 0:00
PA00,6,2017,100,100,100,0.128,0.019,0.02,0.045,0.5,0.604,0.078,0.373,-9,6.143,5.313,4952.5,7.671,4,28,2017/5/30 0:00,2017/6/27 0:00
PA00,7,2017,100,100,100,0.08,0.014,0.05,0.018,0.423,0.928,0.046,0.495,-9,5.344,6.363,8374.1,12.675,5,35,2017/6/27 0:00,2017/8/1 0:00
PA00,8,2017,100,100,100,0.095,0.013,0.01,0.025,0.296,0.833,0.049,0.389,-9,5.172,6.677,8398.3,10.973,4,28,2017/8/1 0:00,2017/8/29 0:00
PA00,9,2017,80,100,98,0.107,0.013,0.029,0.02,0.474,0.694,0.056,0.317,-9,5.643,5,3118.6,5.08,1,35,2017/8/29 0:00,2017/10/3 0:00
PA00,10,2017,100,100,100,0.026,0.009,0.009,0.054,0.26,0.505,0.103,0.287,-9,5.405,4.2,11982.2,18.186,4,28,2017/10/3 0:00,2017/10/31 0:00
PA00,11,2017,100,100,100,0.074,0.011,0.008,0.055,0.223,0.581,0.11,0.373,-9,5.12,5.744,3695,5.791,3,28,2017/10/31 0:00,2017/11/28 0:00
PA00,12,2017,77,100,98,0.07,0.011,0.012,0.065,0.383,1.219,0.116,0.5,-9,4.78,5.6,1707.5,3.048,1,35,2017/11/28 0:00,2018/1/2 0:00
PA00,1,2018,100,100,100,0.045,0.019,0.011,0.162,0.175,0.479,0.277,0.212,-9,5.192,5.3,6800.8,10.592,3,28,2018/1/2 0:00,2018/1/30 0:00
PA00,2,2018,100,100,100,0.065,0.011,0.011,0.065,0.279,0.793,0.103,0.377,-9,5.134,6.232,8029,12.675,4,28,2018/1/30 0:00,2018/2/27 0:00
PA00,3,2018,57,100,75,0.081,0.012,0.013,0.033,0.366,1.138,0.06,0.384,-9,4.992,7.9,2919.6,4.293,2,35,2018/2/27 0:00,2018/4/3 0:00
PA00,4,2018,50,100,16,0.276,0.04,0.032,0.154,0.702,1.651,0.253,0.844,-9,5.703,9.322,1194.7,8.433,2,28,2018/4/3 0:00,2018/5/1 0:00
PA00,5,2018,75,100,86,0.087,0.019,0.031,0.064,0.753,1.048,0.115,0.555,-9,5.921,7.007,5848.6,8.788,3,28,2018/5/1 0:00,2018/5/29 0:00
PA00,6,2018,100,100,100,0.082,0.013,0.016,0.047,0.687,0.94,0.094,0.459,-9,5.858,6.423,9674.3,14.554,5,35,2018/5/29 0:00,2018/7/3 0:00
PA00,7,2018,100,100,100,0.03,0.006,0.007,0.07,0.115,0.31,0.124,0.147,-9,5.389,3.17,14427.4,24.7,3,28,2018/7/3 0:00,2018/7/31 0:00
PA00,8,2018,100,100,100,0.065,0.012,0.015,0.063,0.26,0.65,0.118,0.337,-9,5.325,4.746,8603.8,12.837,4,28,2018/7/31 0:00,2018/8/28 0:00
PA00,9,2018,100,100,100,0.034,0.01,0.009,0.067,0.268,0.54,0.121,0.284,-9,5.374,4.314,23087.5,34.188,5,35,2018/8/28 0:00,2018/10/2 0:00
PA00,10,2018,100,100,100,0.056,0.01,0.009,0.038,0.274,0.464,0.072,0.26,-9,5.595,3.97,3985.2,6.35,4,28,2018/10/2 0:00,2018/10/30 0:00
PA00,11,2018,100,100,100,0.023,0.009,0.006,0.065,0.156,0.458,0.127,0.219,-9,5.234,4.521,13216.9,22.049,5,35,2018/10/30 0:00,2018/12/4 0:00
PA00,12,2018,100,100,100,0.017,0.004,0.004,0.033,0.101,0.332,0.061,0.151,-9,5.177,3.966,9719.1,14.369,3,29,2018/12/4 0:00,2019/1/2 0:00
PA00,1,2019,84,84,100,0.038,0.007,0.005,0.062,0.194,0.696,0.114,0.247,-9,5.16,5.356,6173,9.092,4,31,2019/1/2 0:00,2019/1/28 0:00
PA00,2,2019,66,91,42,0.101,0.008,0.007,0.037,0.164,0.655,0.07,0.225,-9,5.251,4.504,2018,7.002,3,32,2019/1/28 0:00,2019/2/26 0:00
PA00,3,2019,100,100,100,0.038,0.004,0.004,0.015,0.178,0.587,0.033,0.225,-9,5.104,5.152,7404.3,10.904,3,31,2019/2/26 0:00,2019/4/2 0:00
PA00,4,2019,75,100,87,0.078,0.032,0.028,0.242,0.343,0.594,0.38,0.408,-9,5.613,6.194,6757.2,11.393,3,28,2019/4/2 0:00,2019/4/30 0:00
PA00,5,2019,82,82,100,0.069,0.01,0.024,0.025,0.468,0.632,0.049,0.39,-9,5.814,5.034,11473.4,16.9,4,34,2019/4/30 0:00,2019/5/28 0:00
PA00,6,2019,100,100,100,0.137,0.022,0.024,0.046,0.546,0.827,0.085,0.46,-9,5.73,6.38,7762,11.433,5,24,2019/5/28 0:00,2019/7/2 0:00
PA00,7,2019,93,93,100,0.073,0.009,0.016,0.018,0.547,0.804,0.056,0.466,-9,5.559,4.312,11036,16.256,4,30,2019/7/2 0:00,2019/7/30 0:00
PA00,8,2019,100,100,100,0.148,0.02,0.015,0.053,0.499,1.019,0.103,0.528,-9,5.464,6.612,5213.9,7.68,5,35,2019/7/30 0:00,2019/9/3 0:00
PA00,9,2019,100,100,100,0.246,0.047,0.034,0.201,0.787,1.379,0.368,0.732,-9,6.2,9,640.3,1.011,1,26,2019/9/3 0:00,2019/10/1 0:00
PA00,10,2019,88,88,100,0.061,0.016,0.013,0.096,0.238,0.469,0.164,0.289,-9,5.643,4.443,8778.3,13.367,3,32,2019/10/1 0:00,2019/10/29 0:00
PA00,11,2019,100,100,100,0.031,0.004,0.005,0.02,0.15,0.508,0.038,0.172,-9,5.134,4.6,7389.1,11.557,5,35,2019/10/29 0:00,2019/12/3 0:00
PA00,12,2019,79,79,100,0.025,0.007,0.008,0.071,0.24,0.688,0.13,0.278,-9,5.089,5.834,5204.4,8.047,3,28,2019/12/3 0:00,2019/12/31 0:00
PA00,1,2020,82,82,100,0.036,0.015,0.009,0.115,0.185,0.48,0.2,0.208,-9,5.216,4.872,4583.5,7.849,4,34,2019/12/31 0:00,2020/1/28 0:00
PA00,2,2020,100,100,92,0.04,0.004,0.008,0.015,0.208,0.624,0.031,0.202,-9,5.159,5.14,4095.6,6.858,4,28,2020/1/28 0:00,2020/3/3 0:00
PA00,3,2020,100,100,100,0.1,0.017,0.021,0.1,0.53,1.018,0.141,0.534,-9,5.465,6.957,4629.1,7.291,4,28,2020/3/3 0:00,2020/3/31 0:00
PA00,4,2020,66,88,97,0.084,0.012,0.016,0.031,0.409,0.529,0.052,0.346,-9,5.961,4.511,6231,10.262,3,32,2020/3/31 0:00,2020/4/28 0:00
PA00,5,2020,100,100,100,0.11,0.057,0.035,0.388,0.516,0.61,0.675,0.425,-9,5.875,7.694,8284.1,13.132,5,31,2020/4/28 0:00,2020/6/2 0:00
PA00,6,2020,50,100,79,0.262,0.026,0.015,0.017,0.602,0.885,0.054,0.452,-9,6.024,6.552,2899.1,5.563,2,28,2020/6/2 0:00,2020/6/30 0:00
PA00,7,2020,62,62,100,0.176,0.027,0.046,0.059,0.681,1.072,0.107,0.402,-9,5.777,7.395,2698,4.115,3,34,2020/6/30 0:00,2020/7/21 0:00
MD99,6,2004,25,71,33,0.08,0.01,0.011,0.012,0.16,0.78,0.078,1.52,-9,4.5,16.6,0,8.052,1,28,2004/6/1 0:00,2004/6/29 0:00
MD99,7,2004,60,100,64,0.051,0.009,0.017,0.028,0.177,0.832,0.1,1.817,-9,4.416,19.95,3963.8,21.448,3,35,2004/6/29 0:00,2004/8/3 0:00
MD99,8,2004,100,100,100,0.084,0.012,0.012,0.035,0.33,1.114,0.1,2.727,-9,4.304,27.501,5705.8,8.115,3,28,2004/8/3 0:00,2004/8/31 0:00
MD99,9,2004,28,100,42,0.02,0.021,0.014,0.147,0.09,0.21,0.26,0.43,-9,5.11,5.3,4124,13.259,1,29,2004/8/31 0:00,2004/9/29 0:00
MD99,10,2004,59,100,68,0.282,0.041,0.032,0.12,0.588,3.59,0.274,3.31,-9,4.098,41.281,2220.5,4.716,2,34,2004/9/29 0:00,2004/11/2 0:00
MD99,11,2004,50,100,73,0.048,0.006,0.01,0.022,0.063,0.683,0.126,1.117,-9,4.518,14.646,5603.6,10.974,2,28,2004/11/2 0:00,2004/11/30 0:00
MD99,12,2004,75,100,71,0.094,0.027,0.022,0.221,0.342,2.009,0.405,1.824,-9,4.355,25.156,3570.9,7.38,3,28,2004/11/30 0:00,2004/12/28 0:00
MD99,1,2005,74,100,84,0.046,0.017,0.013,0.182,0.134,0.935,0.338,0.866,-9,4.619,13.469,5466.1,9.604,4,35,2004/12/28 0:00,2005/2/1 0:00
MD99,2,2005,100,100,100,0.112,0.024,0.018,0.174,0.321,2.522,0.47,1.862,-9,4.286,30.714,3196.2,4.318,4,29,2005/2/1 0:00,2005/3/2 0:00
MD99,3,2005,100,100,100,0.093,0.02,0.013,0.155,0.293,1.073,0.286,1.504,-9,4.578,16.972,8098.7,11.744,4,27,2005/3/2 0:00,2005/3/29 0:00
MD99,4,2005,60,100,49,0.061,0.015,0.026,0.116,0.206,1.154,0.21,1.385,-9,4.495,18.071,3603.7,10.75,2,35,2005/3/29 0:00,2005/5/3 0:00
MD99,5,2005,100,100,100,0.081,0.016,0.018,0.041,0.382,1.578,0.136,1.831,-9,4.405,21.722,5884.6,8.398,3,28,2005/5/3 0:00,2005/5/31 0:00
MD99,6,2005,75,100,13,0.611,0.093,0.024,0.106,0.459,3.106,0.3,3.598,-9,4.185,39.45,281,4.828,3,28,2005/5/31 0:00,2005/6/28 0:00
MD99,7,2005,60,100,81,0.062,0.012,0.021,0.031,0.232,1.236,0.111,2.476,-9,4.261,28.504,9745.3,18.002,3,35,2005/6/28 0:00,2005/8/2 0:00
MD99,8,2005,71,100,42,0.057,0.02,0.014,0.125,0.21,1.323,0.299,2.717,-9,4.171,31.833,2799.8,9.766,2,28,2005/8/2 0:00,2005/8/30 0:00
MD99,9,2005,100,100,100,0.12,0.038,0.02,0.197,0.28,0.96,0.379,3.14,-9,4.28,29.9,350.6,0.513,1,28,2005/8/30 0:00,2005/9/27 0:00
MD99,10,2005,100,100,100,0.035,0.026,0.127,0.148,0.053,0.391,0.286,0.746,-9,4.839,9.272,15798.2,23.873,3,35,2005/9/27 0:00,2005/11/1 0:00
MD99,11,2005,75,100,99,0.092,0.018,0.018,0.097,0.174,0.999,0.2,1.332,-9,4.491,17.494,2439.2,3.785,3,28,2005/11/1 0:00,2005/11/29 0:00
MD99,12,2005,100,100,100,0.093,0.024,0.02,0.181,0.158,1.366,0.338,1.408,-9,4.445,20.176,7607.6,10.262,5,35,2005/11/29 0:00,2006/1/3 0:00
MD99,1,2006,100,100,100,0.053,0.023,0.01,0.167,0.1,0.572,0.35,1.125,-9,4.624,14.811,4715.5,6.807,3,28,2006/1/3 0:00,2006/1/31 0:00
MD99,2,2006,100,100,100,0.106,0.03,0.018,0.24,0.234,1.514,0.511,1.398,-9,4.429,21.206,3860.7,5.19,3,28,2006/1/31 0:00,2006/2/28 0:00
MD99,4,2006,80,100,99,0.219,0.037,0.038,0.119,0.397,1.569,0.217,2.129,-9,4.489,21.41,4796.2,6.982,4,35,2006/3/28 0:00,2006/5/2 0:00
MD99,5,2006,75,100,96,0.164,0.041,0.076,0.175,0.44,1.223,0.322,1.845,-9,4.638,17.366,4028,5.944,3,28,2006/5/2 0:00,2006/5/30 0:00
MD99,6,2006,100,100,100,0.06,0.019,0.015,0.12,0.211,0.65,0.239,1.682,-9,4.51,17.622,16307,24.123,4,28,2006/5/30 0:00,2006/6/27 0:00
MD99,7,2006,80,100,92,0.101,0.014,0.011,0.027,0.221,0.832,0.087,1.729,-9,4.483,18.47,10891.1,17.428,3,35,2006/6/27 0:00,2006/8/1 0:00
MD99,8,2006,75,100,88,0.444,0.058,0.031,0.067,0.965,3.409,0.332,8.844,-9,3.826,84.757,303.4,0.66,2,28,2006/8/1 0:00,2006/8/29 0:00
MD99,9,2006,80,100,99,0.05,0.013,0.008,0.1,0.096,0.421,0.235,1.354,-9,4.533,15.13,13967.8,20.22,3,35,2006/8/29 0:00,2006/10/3 0:00
MD99,10,2006,100,100,100,0.041,0.01,0.015,0.058,0.161,0.767,0.171,1.276,-9,4.536,15.179,9174.3,12.827,4,28,2006/10/3 0:00,2006/10/31 0:00
MD99,11,2006,25,100,6,0.052,0.008,0.016,0.022,0.278,1.69,0.108,1.822,-9,4.34,24.3,673.3,13.716,1,28,2006/10/31 0:00,2006/11/28 0:00
MD99,12,2006,75,100,96,0.041,0.031,0.017,0.277,0.15,0.751,0.512,1.108,-9,4.611,14.119,4377.2,6.563,3,36,2006/11/28 0:00,2007/1/3 0:00
MD99,1,2007,100,100,100,0.079,0.015,0.008,0.077,0.158,0.996,0.183,1,-9,4.615,13.607,2263.5,3.429,4,27,2007/1/3 0:00,2007/1/30 0:00
MD99,2,2007,50,100,7,0.272,0.031,0.032,0.202,0.646,3.959,0.744,3.522,-9,4.04,49.75,211.5,5.791,2,28,2007/1/30 0:00,2007/2/27 0:00
MD99,3,2007,40,100,23,0.129,0.047,0.028,0.359,0.386,1.201,0.589,1.904,-9,4.567,18.44,1503.6,9.195,2,35,2007/2/27 0:00,2007/4/3 0:00
MD99,4,2007,75,100,92,0.088,0.026,0.025,0.165,0.389,1.108,0.319,2.087,-9,4.48,20.113,8730.6,13.132,2,28,2007/4/3 0:00,2007/5/1 0:00
MD99,5,2007,25,100,14,0.459,0.085,0.087,0.223,0.46,1.97,0.283,3.893,-9,4.22,34.8,143.8,1.27,1,28,2007/5/1 0:00,2007/5/29 0:00
MD99,6,2007,100,100,100,0.29,0.148,0.024,0.081,0.493,1.979,0.272,2.654,-9,4.396,25.643,5980.2,8.052,5,35,2007/5/29 0:00,2007/7/3 0:00
MD99,7,2007,50,100,51,0.243,0.037,0.014,0.045,0.358,2.341,0.224,3.617,-9,4.094,39.219,1192.5,3.66,2,28,2007/7/3 0:00,2007/7/31 0:00
MD99,8,2007,100,100,100,0.139,0.021,0.017,0.051,0.409,1.583,0.185,3.132,-9,4.2,32.526,5337.9,7.722,4,28,2007/7/31 0:00,2007/8/28 0:00
MD99,9,2007,100,100,100,0.159,0.027,0.019,0.087,0.185,1.595,0.184,2.072,-9,4.334,24.888,803.2,1.143,3,35,2007/8/28 0:00,2007/10/2 0:00
MD99,10,2007,100,100,100,0.038,0.007,0.014,0.03,0.082,0.429,0.078,0.893,-9,4.741,9.992,11479.3,16.936,3,28,2007/10/2 0:00,2007/10/30 0:00
MD99,11,2007,75,100,87,0.122,0.018,0.013,0.051,0.242,1.334,0.139,1.676,-9,4.451,19.284,2202.5,3.531,3,28,2007/10/30 0:00,2007/11/27 0:00
MD99,12,2007,78,100,91,0.058,0.018,0.013,0.143,0.153,1.242,0.384,1.591,-9,4.368,22.241,5399.9,8.204,4,37,2007/11/27 0:00,2008/1/3 0:00
MD99,1,2008,100,100,100,0.069,0.016,0.018,0.09,0.165,0.898,0.203,1.16,-9,4.585,14.023,2362.6,3.073,4,27,2008/1/3 0:00,2008/1/30 0:00
MD99,2,2008,100,100,100,0.12,0.049,0.022,0.39,0.195,0.927,0.702,1.416,-9,4.599,17.071,6375.6,9.22,4,28,2008/1/30 0:00,2008/2/27 0:00
MD99,3,2008,100,100,100,0.211,0.052,0.034,0.3,0.405,1.492,0.559,1.607,-9,4.678,17.118,4257.7,6.299,5,34,2008/2/27 0:00,2008/4/1 0:00
MD99,4,2008,52,100,27,0.09,0.024,0.043,0.093,0.174,0.948,0.184,1.072,-9,4.633,12.85,2215.1,12.903,2,29,2008/4/1 0:00,2008/4/30 0:00
MD99,5,2008,79,100,26,0.172,0.029,0.056,0.033,0.389,0.669,0.066,1.541,-9,4.953,10.787,4268.4,22.335,3,34,2008/4/30 0:00,2008/6/3 0:00
MD99,6,2008,75,100,78,0.126,0.019,0.047,0.028,0.345,0.99,0.065,1.427,-9,4.641,13.366,6631,12.04,3,28,2008/6/3 0:00,2008/7/1 0:00
MD99,7,2008,75,100,78,0.072,0.01,0.022,0.01,0.2,0.95,0.049,1.642,-9,4.413,18.25,5784.2,10.566,2,28,2008/7/1 0:00,2008/7/29 0:00
MD99,8,2008,61,100,95,0.252,0.065,0.031,0.239,0.319,1.833,0.473,2.833,-9,4.253,29.4,2644.3,4.42,3,36,2008/7/29 0:00,2008/9/3 0:00
MD99,9,2008,29,100,51,0.053,0.046,0.026,0.394,0.161,0.32,0.747,0.861,-9,4.92,9.7,4018.7,10.897,1,28,2008/9/3 0:00,2008/10/1 0:00
MD99,10,2008,100,100,100,0.09,0.046,0.023,0.367,0.172,0.791,0.663,1.034,-9,4.78,12.938,2119.3,3.454,2,28,2008/10/1 0:00,2008/10/29 0:00
MD99,11,2008,65,100,67,0.072,0.021,0.025,0.135,0.127,0.585,0.273,1.073,-9,4.75,11.516,2939.7,6.502,3,34,2008/10/29 0:00,2008/12/2 0:00
MD99,12,2008,100,100,100,0.045,0.009,0.008,0.072,0.167,0.944,0.237,1.292,-9,4.449,16.983,5201,8.28,4,28,2008/12/2 0:00,2008/12/30 0:00
MD99,1,2009,100,100,100,0.056,0.007,0.01,0.045,0.159,1.009,0.145,1.494,-9,4.499,18.438,5164.9,8.23,3,30,2008/12/30 0:00,2009/1/29 0:00
MD99,2,2009,70,100,38,0.144,0.017,0.01,0.193,0.34,5.132,0.634,1.152,-9,4.05,45.3,105.3,0.864,1,27,2009/1/29 0:00,2009/2/25 0:00
MD99,3,2009,100,100,100,0.204,0.031,0.011,0.189,0.326,1.028,0.333,1.37,-9,4.81,13.32,3590.2,6.579,4,34,2009/2/25 0:00,2009/3/31 0:00
MD99,4,2009,100,100,100,0.13,0.029,0.215,0.126,0.21,0.715,0.277,1.245,-9,4.81,11.989,9026.1,13.538,4,29,2009/3/31 0:00,2009/4/29 0:00
MD99,5,2009,100,100,100,0.077,0.019,0.032,0.092,0.334,0.961,0.181,1.323,-9,4.723,13.104,13678.4,20.244,5,34,2009/4/29 0:00,2009/6/2 0:00
MD99,6,2009,75,100,69,0.104,0.02,0.347,0.016,0.448,1.126,0.107,2.111,-9,4.623,18.457,7946.3,18.821,2,28,2009/6/2 0:00,2009/6/30 0:00
MD99,7,2009,75,100,99,0.388,0.059,0.07,0.035,0.558,1.837,0.111,2.319,-9,4.539,20.131,3070.2,4.547,2,28,2009/6/30 0:00,2009/7/28 0:00
MD99,8,2009,100,100,100,0.08,0.012,0.01,0.034,0.227,0.91,0.107,1.831,-9,4.448,19.389,10525.8,15.773,5,35,2009/7/28 0:00,2009/9/1 0:00
MD99,9,2009,50,100,43,0.052,0.032,0.014,0.24,0.136,0.755,0.436,0.443,-9,4.934,8.317,2123,7.747,2,28,2009/9/1 0:00,2009/9/29 0:00
MD99,10,2009,80,100,50,0.029,0.013,0.009,0.104,0.053,0.338,0.205,0.575,-9,4.844,7.675,5949.3,17.932,4,35,2009/9/29 0:00,2009/11/3 0:00
MD99,11,2009,50,100,87,0.047,0.021,0.011,0.175,0.136,0.516,0.359,0.817,-9,4.753,10.471,6596.1,12.217,2,28,2009/11/3 0:00,2009/12/1 0:00
MD99,12,2009,50,100,54,0.024,0.009,0.006,0.088,0.097,0.468,0.179,0.583,-9,4.856,8.143,6902.1,19.075,2,28,2009/12/1 0:00,2009/12/29 0:00
MD99,1,2010,100,100,100,0.073,0.043,0.026,0.351,0.171,0.792,0.652,0.723,-9,4.882,11.181,3872.3,6.756,5,35,2009/12/29 0:00,2010/2/2 0:00
MD99,3,2010,100,100,100,0.093,0.026,0.017,0.197,0.21,0.732,0.355,0.7,-9,5.007,9.064,8353.7,12.598,4,28,2010/3/2 0:00,2010/3/30 0:00
MD99,4,2010,75,100,98,0.167,0.033,0.069,0.091,0.563,1.203,0.156,1.36,-9,5.052,11.576,3011.7,4.826,3,28,2010/3/30 0:00,2010/4/27 0:00
MD99,5,2010,100,100,100,0.127,0.029,0.047,0.127,0.422,1.045,0.218,1.02,-9,4.933,10.755,6557.8,10.541,5,35,2010/4/27 0:00,2010/6/1 0:00
MD99,6,2010,100,100,100,0.13,0.018,0.011,0.039,0.279,0.975,0.07,1.024,-9,4.763,11.591,4205.9,6.223,4,28,2010/6/1 0:00,2010/6/29 0:00
MD99,7,2010,80,100,88,0.067,0.011,0.007,0.032,0.193,0.915,0.076,1.016,-9,4.627,13.183,4940.4,8.331,3,35,2010/6/29 0:00,2010/8/3 0:00
MD99,8,2010,100,100,100,0.054,0.025,0.011,0.181,0.267,0.839,0.345,1.285,-9,4.608,14.965,14058.7,20.041,3,28,2010/8/3 0:00,2010/8/31 0:00
MD99,9,2010,100,100,100,0.106,0.02,0.015,0.081,0.272,0.788,0.145,1.055,-9,4.788,10.885,3754.5,5.664,3,28,2010/8/31 0:00,2010/9/28 0:00
MD99,10,2010,80,100,89,0.035,0.008,0.005,0.079,0.052,0.222,0.143,0.237,-9,5.294,3.883,12030.5,20.218,4,35,2010/9/28 0:00,2010/11/2 0:00
MD99,11,2010,100,100,100,0.068,0.018,0.014,0.11,0.21,0.804,0.196,0.757,-9,4.899,9.247,3338.1,5.182,4,28,2010/11/2 0:00,2010/11/30 0:00
MD99,12,2010,100,100,100,0.054,0.016,0.009,0.157,0.071,0.34,0.285,0.281,-9,5.111,5.4,3363.2,5.563,4,28,2010/11/30 0:00,2010/12/28 0:00
MD99,1,2011,75,100,91,0.23,0.016,0.02,0.121,0.286,1.326,0.24,1.123,-9,4.733,13.049,1098.2,2.21,2,28,2010/12/28 0:00,2011/1/25 0:00
MD99,2,2011,60,100,40,0.414,0.051,0.043,0.285,0.499,1.426,0.382,1.59,-9,5.192,12.354,2578.7,10.317,2,35,2011/1/25 0:00,2011/3/1 0:00
MD99,3,2011,100,100,100,0.113,0.074,0.042,0.544,0.213,0.469,0.938,0.607,-9,5.447,8.078,7203.8,10.973,4,28,2011/3/1 0:00,2011/3/29 0:00
MD99,4,2011,60,100,58,0.326,0.051,0.089,0.152,0.666,1.531,0.256,1.591,-9,5.184,12.609,3393.1,9.55,3,35,2011/3/29 0:00,2011/5/3 0:00
MD99,5,2011,50,100,45,0.078,0.018,0.027,0.061,0.245,0.767,0.093,0.637,-9,5.01,7.6,1244,4.166,1,28,2011/5/3 0:00,2011/5/31 0:00
MD99,6,2011,75,100,93,0.147,0.021,0.043,0.059,0.661,1.784,0.136,1.603,-9,4.698,15.975,1603.4,2.667,2,28,2011/5/31 0:00,2011/6/28 0:00
MD99,7,2011,100,100,100,0.135,0.02,0.012,0.023,0.521,1.564,0.068,2.08,-9,4.459,22.149,5879.4,8.966,5,35,2011/6/28 0:00,2011/8/2 0:00
MD99,8,2011,76,100,46,0.103,0.024,0.013,0.088,0.375,1.26,0.172,1.288,-9,4.666,15.476,8352.3,27.016,3,29,2011/8/2 0:00,2011/8/31 0:00
MD99,9,2011,100,100,100,0.032,0.013,0.025,0.076,0.162,0.415,0.137,0.418,-9,5.128,5.319,20093.7,28.651,4,27,2011/8/31 0:00,2011/9/27 0:00
MD99,10,2011,80,100,64,0.036,0.015,0.012,0.101,0.185,0.561,0.165,0.558,-9,4.985,6.996,5329.5,12.217,3,35,2011/9/27 0:00,2011/11/1 0:00
MD99,11,2011,100,100,100,0.07,0.028,0.024,0.191,0.481,1.382,0.317,1.391,-9,4.747,15.511,2895,4.572,3,28,2011/11/1 0:00,2011/11/29 0:00
MD99,12,2011,100,100,100,0.025,0.017,0.013,0.139,0.101,0.438,0.251,0.384,-9,5.111,5.794,8541.4,12.933,4,35,2011/11/29 0:00,2012/1/3 0:00
MD99,1,2012,100,100,100,0.056,0.026,0.277,0.103,0.129,0.823,0.195,0.695,-9,4.907,9.132,3700.1,5.594,4,28,2012/1/3 0:00,2012/1/31 0:00
MD99,2,2012,75,100,73,0.126,0.017,0.017,0.089,0.531,2.505,0.183,1.314,-9,4.522,19.71,1069.7,2.591,3,28,2012/1/31 0:00,2012/2/28 0:00
MD99,3,2012,80,100,95,0.173,0.029,0.026,0.141,0.244,0.701,0.213,0.684,-9,5.378,6.562,4993,7.849,4,35,2012/2/28 0:00,2012/4/3 0:00
MD99,4,2012,50,100,80,0.032,0.013,0.056,0.049,0.27,0.326,0.041,0.3,-9,5.88,3.6,2579.8,5.08,1,28,2012/4/3 0:00,2012/5/1 0:00
MD99,5,2012,50,100,39,0.115,0.05,0.119,0.226,0.62,0.886,0.413,0.829,-9,5.624,8.606,1271,5.131,2,28,2012/5/1 0:00,2012/5/29 0:00
MD99,6,2012,80,100,81,0.061,0.017,0.037,0.072,0.244,0.726,0.124,0.76,-9,4.927,8.512,5957.6,10.897,4,35,2012/5/29 0:00,2012/7/3 0:00
MD99,7,2012,100,100,100,0.111,0.024,0.027,0.074,0.268,1.23,0.159,1.166,-9,4.667,13.769,6173,9.144,4,28,2012/7/3 0:00,2012/7/31 0:00
MD99,8,2012,100,100,100,0.086,0.016,0.014,0.043,0.254,1.048,0.095,0.802,-9,4.817,10.746,6631.6,9.804,4,28,2012/7/31 0:00,2012/8/28 0:00
MD99,9,2012,60,100,44,0.199,0.044,0.035,0.141,0.418,1.363,0.256,1.062,-9,4.981,10.905,1740.2,5.844,3,35,2012/8/28 0:00,2012/10/2 0:00
MD99,10,2012,100,100,100,0.022,0.004,0.009,0.02,0.059,0.194,0.031,0.137,-9,5.451,2.714,12578.1,20.498,4,29,2012/10/2 0:00,2012/10/31 0:00
MD99,11,2012,74,100,94,0.131,0.074,0.032,0.559,0.284,0.869,0.988,1.052,-9,5.07,11.9,989.6,1.727,1,27,2012/10/31 0:00,2012/11/27 0:00
MD99,12,2012,100,100,100,0.053,0.018,0.021,0.118,0.175,0.775,0.221,0.667,-9,4.897,9.199,5537.5,8.407,5,36,2012/11/27 0:00,2013/1/2 0:00
MD99,1,2013,100,100,100,0.053,0.008,0.006,0.136,0.186,0.948,0.236,0.65,-9,4.798,10.102,2529.5,4.242,3,27,2013/1/2 0:00,2013/1/29 0:00
MD99,2,2013,100,100,100,0.108,0.02,0.015,0.146,0.345,1.542,0.267,0.999,-9,4.682,13.724,1262.7,2.121,4,28,2013/1/29 0:00,2013/2/26 0:00
MD99,3,2013,80,100,83,0.143,0.024,0.033,0.115,0.172,0.531,0.214,0.572,-9,5.262,6.072,5061.3,9.629,4,35,2013/2/26 0:00,2013/4/2 0:00
MD99,4,2013,75,100,85,0.114,0.026,0.063,0.143,0.36,0.599,0.217,0.628,-9,5.691,6.008,3594,6.452,3,28,2013/4/2 0:00,2013/4/30 0:00
MD99,5,2013,50,100,71,0.099,0.023,0.058,0.098,0.481,0.881,0.181,0.785,-9,5.496,7.035,5062.5,10.566,2,28,2013/4/30 0:00,2013/5/28 0:00
MD99,6,2013,80,100,94,0.063,0.011,0.015,0.048,0.186,0.603,0.09,0.453,-9,5.127,5.866,10753.4,18.39,4,35,2013/5/28 0:00,2013/7/2 0:00
MD99,7,2013,50,100,26,0.097,0.016,0.018,0.027,0.233,0.888,0.051,0.688,-9,4.847,9.3,735.7,4.14,2,28,2013/7/2 0:00,2013/7/30 0:00
MD99,8,2013,100,100,100,0.113,0.017,0.015,0.051,0.331,0.94,0.078,0.934,-9,4.929,9.745,3812.5,5.842,5,35,2013/7/30 0:00,2013/9/3 0:00
MD99,9,2013,100,100,100,0.155,0.022,0.013,0.031,0.319,1.054,0.056,0.975,-9,4.882,10.424,2045.1,3.124,2,27,2013/9/3 0:00,2013/9/30 0:00
MD99,10,2013,100,100,100,0.015,0.016,0.01,0.113,0.068,0.344,0.205,0.404,-9,5.069,6.038,8432.5,13.36,3,29,2013/9/30 0:00,2013/10/29 0:00
MD99,11,2013,80,100,30,0.084,0.034,0.022,0.202,0.317,0.865,0.336,0.814,-9,5.056,9.089,1461.9,7.671,4,35,2013/10/29 0:00,2013/12/3 0:00
MD99,12,2013,100,100,100,0.027,0.008,0.015,0.063,0.111,0.477,0.113,0.531,-9,4.934,7.314,8300,13.564,4,28,2013/12/3 0:00,2013/12/31 0:00
MD99,1,2014,100,100,100,0.079,0.061,0.769,0.174,0.115,0.605,0.331,0.65,-9,5.121,9.487,3778.6,6.883,3,28,2013/12/31 0:00,2014/1/28 0:00
MD99,2,2014,100,100,100,0.038,0.009,0.009,0.074,0.181,0.796,0.139,0.645,-9,4.817,9.6,7213.8,12.624,4,28,2014/1/28 0:00,2014/2/25 0:00
MD99,3,2014,57,100,69,0.021,0.004,0.007,0.067,0.127,0.375,0.113,0.266,-9,5.212,4.384,5717.7,12.903,2,35,2014/2/25 0:00,2014/4/1 0:00
MD99,4,2014,80,100,99,0.039,0.017,0.016,0.109,0.215,0.495,0.199,0.59,-9,5.114,6.563,11575.7,17.932,4,30,2014/4/1 0:00,2014/5/1 0:00
MD99,5,2014,58,100,55,0.155,0.025,0.038,0.053,0.447,0.953,0.085,1.016,-9,5.272,7.961,3636.4,10.074,2,33,2014/5/1 0:00,2014/6/3 0:00
MD99,6,2014,75,100,61,0.095,0.015,0.018,0.04,0.257,0.767,0.074,0.801,-9,4.938,8.335,4676.99,11.354,3,28,2014/6/3 0:00,2014/7/1 0:00
MD99,7,2014,100,100,100,0.138,0.021,0.019,0.051,0.189,0.979,0.092,0.551,-9,4.946,7.755,4133.9,8.509,4,28,2014/7/1 0:00,2014/7/29 0:00
MD99,8,2014,100,100,100,0.047,0.027,0.023,0.201,0.154,0.627,0.378,0.488,-9,4.938,8.149,6245.3,9.55,4,35,2014/7/29 0:00,2014/9/2 0:00
MD99,9,2014,100,100,100,0.051,0.011,0.011,0.063,0.167,0.484,0.11,0.407,-9,5.089,5.594,3620.4,5.512,4,28,2014/9/2 0:00,2014/9/30 0:00
MD99,10,2014,100,100,100,0.068,0.017,0.013,0.097,0.232,0.908,0.179,0.653,-9,4.922,8.885,5677.4,8.839,4,28,2014/9/30 0:00,2014/10/28 0:00
MD99,11,2014,100,100,100,0.055,0.013,0.016,0.07,0.188,0.672,0.135,0.582,-9,4.94,7.668,6546.7,10.033,5,36,2014/10/28 0:00,2014/12/3 0:00
MD99,12,2014,78,100,99,0.045,0.008,0.011,0.039,0.144,0.693,0.079,0.548,-9,4.91,8,4292.6,6.985,3,27,2014/12/3 0:00,2014/12/30 0:00
MD99,1,2015,83,100,82,0.067,0.023,0.171,0.091,0.274,0.713,0.188,0.576,-9,4.972,8.609,5767.1,11.684,4,35,2014/12/30 0:00,2015/2/3 0:00
MD99,2,2015,75,100,95,0.103,0.012,0.008,0.096,0.174,0.933,0.177,0.539,-9,4.919,8.699,3814.4,6.401,3,28,2015/2/3 0:00,2015/3/3 0:00
MD99,3,2015,100,100,100,0.052,0.013,0.011,0.101,0.21,0.92,0.18,0.661,-9,4.853,9.685,6838.4,10.947,4,28,2015/3/3 0:00,2015/3/31 0:00
MD99,4,2015,54,100,46,0.071,0.018,0.022,0.072,0.347,0.816,0.13,0.9,-9,4.982,8.91,3198.2,10.516,2,28,2015/3/31 0:00,2015/4/28 0:00
MD99,5,2015,80,100,90,0.048,0.012,0.011,0.054,0.231,0.673,0.088,0.428,-9,5.099,6.389,5944.1,9.55,3,35,2015/4/28 0:00,2015/6/2 0:00
MD99,6,2015,100,100,100,0.054,0.016,0.016,0.077,0.213,0.623,0.141,0.466,-9,5.078,6.495,17646.4,26.238,4,28,2015/6/2 0:00,2015/6/30 0:00
MD99,7,2015,100,100,100,0.112,0.02,0.033,0.048,0.302,1.002,0.095,0.676,-9,4.866,9.477,4082,6.121,4,28,2015/6/30 0:00,2015/7/28 0:00
MD99,8,2015,60,100,89,0.097,0.015,0.011,0.023,0.255,0.975,0.044,0.886,-9,4.738,11.313,6273,10.465,2,35,2015/7/28 0:00,2015/9/1 0:00
MD99,9,2015,100,100,100,0.31,0.071,0.062,0.247,0.56,1.535,0.469,1.09,-9,5.302,11.102,810,1.245,3,28,2015/9/1 0:00,2015/9/29 0:00
MD99,10,2015,100,100,100,0.023,0.022,0.01,0.176,0.084,0.186,0.316,0.215,-9,5.475,3.834,15258.3,23.292,3,35,2015/9/29 0:00,2015/11/3 0:00
MD99,11,2015,100,100,100,0.039,0.02,0.01,0.139,0.13,0.377,0.261,0.368,-9,5.138,5.557,4756.6,7.645,4,28,2015/11/3 0:00,2015/12/1 0:00
MD99,12,2015,100,100,100,0.027,0.015,0.102,0.075,0.088,0.187,0.123,0.203,-9,5.378,3.396,6102.6,8.534,4,27,2015/12/1 0:00,2015/12/28 0:00
MD99,1,2016,75,100,54,0.02,0.028,0.011,0.245,0.077,0.29,0.437,0.227,-9,5.238,5.107,4078.7,11.557,4,36,2015/12/28 0:00,2016/2/2 0:00
MD99,2,2016,100,100,100,0.064,0.039,0.018,0.318,0.153,0.615,0.547,0.474,-9,5.07,7.858,8963.6,14.275,4,28,2016/2/2 0:00,2016/3/1 0:00
MD99,3,2016,100,100,100,0.136,0.032,0.025,0.195,0.529,1.254,0.319,0.855,-9,5.226,9.425,2868.6,4.623,4,28,2016/3/1 0:00,2016/3/29 0:00
MD99,4,2016,80,100,74,0.094,0.017,0.041,0.051,0.394,0.725,0.082,0.496,-9,5.544,5.713,3734.5,8.179,3,35,2016/3/29 0:00,2016/5/3 0:00
MD99,5,2016,100,100,100,0.06,0.012,0.027,0.02,0.373,0.805,0.053,0.364,-9,5.434,5.426,7298.9,11.227,4,28,2016/5/3 0:00,2016/5/31 0:00
MD99,6,2016,50,100,72,0.123,0.02,0.047,0.033,0.457,0.936,0.059,0.583,-9,5.77,5.9,2972.6,5.944,1,28,2016/5/31 0:00,2016/6/28 0:00
MD99,7,2016,100,100,100,0.098,0.017,0.038,0.018,0.256,0.772,0.046,0.46,-9,5.219,6.02,12413.7,18.567,5,35,2016/6/28 0:00,2016/8/2 0:00
MD99,8,2016,100,100,100,0.037,0.008,0.007,0.015,0.136,0.613,0.03,0.315,-9,4.991,6.102,6493.2,9.855,2,29,2016/8/2 0:00,2016/8/31 0:00
MD99,9,2016,100,100,100,0.112,0.023,0.058,0.069,0.433,0.84,0.131,0.808,-9,5.21,8.052,1747.7,2.718,4,27,2016/8/31 0:00,2016/9/27 0:00
MD99,10,2016,80,100,97,0.033,0.021,0.042,0.136,0.295,0.35,0.261,0.305,-9,5.791,4.386,6921.8,11.405,3,35,2016/9/27 0:00,2016/11/1 0:00
MD99,11,2016,75,100,94,0.179,0.262,0.091,2.031,0.464,1.023,4.931,1.134,-9,5.492,21.136,516.9,0.889,2,28,2016/11/1 0:00,2016/11/29 0:00
MD99,12,2016,81,100,77,0.046,0.02,0.015,0.147,0.178,0.514,0.258,0.477,-9,5.101,6.341,5815.7,13.335,4,36,2016/11/29 0:00,2017/1/4 0:00
MD99,1,2017,100,100,100,0.067,0.018,0.014,0.157,0.168,0.659,0.283,0.339,-9,5.151,5.959,2809.2,4.349,2,27,2017/1/4 0:00,2017/1/31 0:00
MD99,2,2017,75,100,34,0.182,0.047,0.045,0.315,0.701,1.827,0.397,1.039,-9,5.36,11.1,562.4,2.261,1,28,2017/1/31 0:00,2017/2/28 0:00
MD99,3,2017,75,100,96,0.085,0.017,0.02,0.097,0.232,0.678,0.178,0.29,-9,5.394,4.953,4766.3,8.255,3,28,2017/2/28 0:00,2017/3/28 0:00
MD99,4,2017,100,100,100,0.087,0.032,0.048,0.179,0.504,0.99,0.313,0.539,-9,5.406,7.651,8025.5,12.141,4,35,2017/3/28 0:00,2017/5/2 0:00
MD99,5,2017,50,100,61,0.056,0.026,0.013,0.18,0.204,0.471,0.322,0.286,-9,5.479,4.743,6376.4,15.32,2,28,2017/5/2 0:00,2017/5/30 0:00
MD99,6,2017,75,100,86,0.094,0.025,0.015,0.106,0.186,0.654,0.156,0.339,-9,5.227,5.559,2041.5,3.658,2,28,2017/5/30 0:00,2017/6/27 0:00
MD99,7,2017,37,77,81,0.047,0.008,0.008,0.018,0.132,0.498,0.029,0.261,-9,5.174,4.673,6581.7,11.786,2,35,2017/6/27 0:00,2017/8/1 0:00
MD99,8,2017,76,100,62,0.056,0.019,0.076,0.075,0.21,0.518,0.137,0.32,-9,5.331,4.748,6648.4,15.799,3,29,2017/8/1 0:00,2017/8/30 0:00
MD99,10,2017,50,100,48,0.024,0.012,0.009,0.081,0.164,0.332,0.144,0.263,-9,5.337,3.96,2824.9,8.636,2,28,2017/10/3 0:00,2017/10/31 0:00
MD99,11,2017,100,100,100,0.044,0.017,0.011,0.114,0.177,0.426,0.206,0.297,-9,5.29,4.852,3636.3,5.664,4,28,2017/10/31 0:00,2017/11/28 0:00
MD99,12,2017,100,100,100,0.148,0.026,0.02,0.187,0.471,1.487,0.341,0.763,-9,4.994,9,1133.7,2.057,1,35,2017/11/28 0:00,2018/1/2 0:00
MD99,1,2018,50,100,66,0.044,0.027,0.025,0.265,0.116,0.568,0.451,0.186,-9,5.163,6.088,1062.1,2.565,2,28,2018/1/2 0:00,2018/1/30 0:00
MD99,2,2018,75,100,92,0.034,0.011,0.016,0.077,0.134,0.378,0.145,0.212,-9,5.333,3.988,8076.6,13.132,3,28,2018/1/30 0:00,2018/2/27 0:00
MD99,4,2018,50,100,49,0.103,0.042,0.055,0.253,0.277,0.41,0.466,0.326,-9,5.69,5.4,3070.4,9.195,1,28,2018/4/3 0:00,2018/5/1 0:00
MD99,6,2018,80,100,99,0.049,0.015,0.075,0.058,0.817,0.517,0.121,0.329,-9,5.439,7.572,9724.6,14.326,3,35,2018/5/29 0:00,2018/7/3 0:00
MD99,7,2018,75,100,100,0.028,0.012,0.016,0.132,0.057,0.218,0.244,0.143,-9,5.278,3.704,14768.6,21.825,2,28,2018/7/3 0:00,2018/7/31 0:00
MD99,8,2018,100,100,100,0.07,0.014,0.027,0.068,0.112,0.618,0.122,0.24,-9,5.154,5.006,4585.5,7.468,4,28,2018/7/31 0:00,2018/8/28 0:00
MD99,9,2018,100,100,100,0.049,0.024,0.016,0.164,0.225,0.745,0.291,0.37,-9,5.084,6.429,20187.7,30.455,5,35,2018/8/28 0:00,2018/10/2 0:00
MD99,10,2018,100,100,100,0.043,0.017,0.233,0.071,0.348,0.33,0.142,0.304,-9,5.764,4.847,6307.4,9.398,4,28,2018/10/2 0:00,2018/10/30 0:00
MD99,11,2018,100,100,100,0.02,0.01,0.009,0.099,0.088,0.272,0.18,0.214,-9,5.252,3.948,13630.7,20.599,5,35,2018/10/30 0:00,2018/12/4 0:00
MD99,12,2018,100,100,100,0.022,0.011,0.006,0.115,0.096,0.389,0.218,0.299,-9,5.053,5.218,9621,14.554,3,28,2018/12/4 0:00,2019/1/1 0:00
MD99,1,2019,62,62,100,0.057,0.017,0.011,0.173,0.143,0.726,0.28,0.254,-9,4.99,6.417,3364.4,6.909,3,32,2019/1/1 0:00,2019/1/28 0:00
MD99,2,2019,91,91,100,0.056,0.01,0.127,0.048,0.159,0.701,0.087,0.305,-9,5.069,6.063,5621.3,9.22,4,32,2019/1/28 0:00,2019/2/26 0:00
MD99,3,2019,68,100,99,0.043,0.014,0.01,0.115,0.194,0.686,0.201,0.331,-9,4.935,6.708,7287.5,11.227,3,31,2019/2/26 0:00,2019/4/2 0:00
MD99,4,2019,50,100,52,0.141,0.032,0.094,0.113,0.296,0.489,0.206,0.355,-9,5.612,5.563,2207.2,6.375,2,28,2019/4/2 0:00,2019/4/30 0:00
MD99,5,2019,82,82,100,0.088,0.028,0.189,0.068,0.526,0.628,0.105,0.428,-9,5.761,6.101,10076.2,15.316,3,34,2019/4/30 0:00,2019/5/28 0:00
MD99,6,2019,100,100,100,0.09,0.041,0.027,0.291,0.356,0.651,0.558,0.336,-9,5.417,6.499,3973.5,5.925,5,24,2019/5/28 0:00,2019/7/2 0:00
MD99,7,2019,70,93,30,0.164,0.023,0.013,0.029,0.239,0.859,0.058,0.307,-9,5.365,5.316,2506.4,12.522,3,30,2019/7/2 0:00,2019/7/30 0:00
MD99,8,2019,100,100,100,0.094,0.027,0.266,0.021,0.344,0.717,0.051,0.422,-9,5.116,7.412,6027.5,9.017,4,35,2019/7/30 0:00,2019/9/3 0:00
MD99,10,2019,66,88,41,0.021,0.025,0.014,0.2,0.074,0.294,0.35,0.204,-9,5.298,4.344,3516.9,12.624,2,32,2019/10/1 0:00,2019/10/29 0:00
MD99,11,2019,100,100,100,0.029,0.008,0.021,0.067,0.122,0.42,0.119,0.199,-9,5.063,4.929,5779.4,9.246,5,35,2019/10/29 0:00,2019/12/3 0:00
MD99,12,2019,100,100,100,0.04,0.016,0.015,0.127,0.234,0.729,0.232,0.457,-9,4.973,7.28,5046.3,8.026,4,28,2019/12/3 0:00,2019/12/31 0:00
MD99,1,2020,62,82,79,0.029,0.027,0.01,0.243,0.112,0.263,0.438,0.185,-9,5.369,4.466,4059.7,7.62,3,34,2019/12/31 0:00,2020/1/28 0:00
MD99,2,2020,93,100,89,0.077,0.019,0.16,0.107,0.334,0.801,0.122,0.303,-9,5.49,5.768,5421.6,9.196,4,28,2020/1/28 0:00,2020/3/3 0:00
MD99,3,2020,75,100,53,0.168,0.037,0.045,0.196,0.8,1.501,0.278,0.782,-9,5.657,9.772,2219.8,6.782,3,28,2020/3/3 0:00,2020/3/31 0:00
MD99,5,2020,90,90,100,0.131,0.059,0.064,0.365,0.408,0.689,0.67,0.442,-9,5.671,7.53,5471,8.179,3,31,2020/4/28 0:00,2020/5/26 0:00
MD99,6,2020,25,100,20,0.08,0.021,0.018,0.111,0.275,0.461,0.167,0.292,-9,5.66,4.3,1410.6,11.031,1,28,2020/5/26 0:00,2020/6/30 0:00
MD99,7,2020,21,62,62,0.113,0.016,0.059,0.014,0.532,0.758,0.057,0.418,-9,5.36,6.9,6266.2,15.037,1,34,2020/6/30 0:00,2020/7/28 0:00
